event_id,customer_id,session_id,event_type,product_id,page_url,timestamp,dwell_time_seconds,metadata
EVT-000001,CUST-1001,SESS-1001-A,page_view,,/home,2026-09-15 10:00:00,15,"{""source"": ""organic_search""}"
EVT-000002,CUST-1001,SESS-1001-A,search,,/search?q=ergonomic+chair,2026-09-15 10:00:20,25,"{""query"": ""ergonomic chair""}"
EVT-000003,CUST-1001,SESS-1001-A,product_view,PROD-003,/product/PROD-003,2026-09-15 10:00:50,90,"{""tab"": ""overview""}"
EVT-000004,CUST-1001,SESS-1001-A,add_to_cart,PROD-003,/cart,2026-09-15 10:02:25,30,"{""quantity"": 1, ""price"": 249.5}"
EVT-000005,CUST-1001,SESS-1001-A,checkout_started,PROD-003,/checkout,2026-09-15 10:03:00,45,"{""step"": ""shipping_address""}"
EVT-000006,CUST-1001,SESS-1001-A,payment_attempt,PROD-003,/checkout/payment,2026-09-15 10:03:50,20,"{""method"": ""Credit Card"", ""attempt"": 1}"
EVT-000007,CUST-1001,SESS-1001-A,payment_success,PROD-003,/checkout/confirmation,2026-09-15 10:04:15,40,"{""transaction_id"": ""TXN-90111"", ""amount"": 249.5}"
EVT-000008,CUST-1001,SESS-1001-A,order_placed,PROD-003,/order/ORD-2001,2026-09-15 10:04:20,60,"{""order_id"": ""ORD-2001"", ""amount"": 249.5}"
EVT-000009,CUST-1001,SESS-1001-B,feedback_submitted,PROD-003,/order/ORD-2001/feedback,2026-09-19 11:30:00,75,"{""rating"": 5, ""feedback_id"": ""FDB-4001""}"
EVT-000010,CUST-1002,SESS-1002-A,page_view,,/category/bags,2026-09-20 14:10:00,35,"{""referrer"": ""google_ads""}"
EVT-000011,CUST-1002,SESS-1002-A,product_view,PROD-005,/product/PROD-005,2026-09-20 14:10:40,120,"{""variant"": ""Charcoal Black""}"
EVT-000012,CUST-1002,SESS-1002-A,add_to_cart,PROD-005,/cart,2026-09-20 14:12:45,45,"{""cart_value"": 64.99, ""quantity"": 1}"
EVT-000013,CUST-1002,SESS-1002-A,checkout_started,PROD-005,/checkout/shipping,2026-09-20 14:13:35,190,"{""shipping_cost_displayed"": 14.99, ""total_with_tax"": 84.98}"
EVT-000014,CUST-1002,SESS-1002-A,page_exit_without_purchase,PROD-005,/checkout/shipping,2026-09-20 14:16:50,0,"{""abandoned_step"": ""shipping_fee_reveal"", ""cart_value"": 64.99}"
EVT-000015,CUST-1003,SESS-1003-A,product_view,PROD-002,/product/PROD-002,2026-09-21 16:20:00,80,"{""category"": ""Electronics""}"
EVT-000016,CUST-1003,SESS-1003-A,add_to_cart,PROD-002,/cart,2026-09-21 16:21:25,30,"{""price"": 199.99}"
EVT-000017,CUST-1003,SESS-1003-A,checkout_started,PROD-002,/checkout,2026-09-21 16:22:00,45,"{""order_id"": ""ORD-2002""}"
EVT-000018,CUST-1003,SESS-1003-A,payment_attempt,PROD-002,/checkout/payment,2026-09-21 16:22:50,35,"{""payment_id"": ""PAY-5002"", ""method"": ""Credit Card"", ""attempt"": 1}"
EVT-000019,CUST-1003,SESS-1003-A,payment_failed,PROD-002,/checkout/payment,2026-09-21 16:23:30,60,"{""error_code"": ""GATEWAY_TIMEOUT"", ""error_message"": ""Payment gateway timed out while authenticating with bank"", ""attempt"": 1}"
EVT-000020,CUST-1004,SESS-1004-A,product_view,PROD-001,/product/PROD-001,2026-09-22 11:00:00,60,"{""price"": 89.99}"
EVT-000021,CUST-1004,SESS-1004-A,add_to_cart,PROD-001,/cart,2026-09-22 11:01:05,25,"{""qty"": 1}"
EVT-000022,CUST-1004,SESS-1004-A,checkout_started,PROD-001,/checkout,2026-09-22 11:01:35,30,"{""order_id"": ""ORD-2003""}"
EVT-000023,CUST-1004,SESS-1004-A,payment_attempt,PROD-001,/checkout/payment,2026-09-22 11:02:10,20,"{""attempt"": 1, ""method"": ""Credit Card""}"
EVT-000024,CUST-1004,SESS-1004-A,payment_failed,PROD-001,/checkout/payment,2026-09-22 11:02:35,40,"{""attempt"": 1, ""error_code"": ""CARD_DECLINED"", ""msg"": ""Issuer bank declined transaction""}"
EVT-000025,CUST-1004,SESS-1004-A,payment_attempt,PROD-001,/checkout/payment,2026-09-22 11:03:30,25,"{""attempt"": 2, ""method"": ""Credit Card""}"
EVT-000026,CUST-1004,SESS-1004-A,payment_failed,PROD-001,/checkout/payment,2026-09-22 11:04:00,50,"{""attempt"": 2, ""error_code"": ""INSUFFICIENT_FUNDS"", ""msg"": ""Account has insufficient available credit limit""}"
EVT-000027,CUST-1004,SESS-1004-A,payment_attempt,PROD-001,/checkout/payment,2026-09-22 11:05:10,20,"{""attempt"": 3, ""method"": ""Debit Card""}"
EVT-000028,CUST-1004,SESS-1004-A,payment_failed,PROD-001,/checkout/payment,2026-09-22 11:05:35,90,"{""attempt"": 3, ""error_code"": ""CARD_DECLINED"", ""msg"": ""Card authentication failed (3D Secure timeout)""}"
EVT-000029,CUST-1005,SESS-1005-A,product_view,PROD-010,/product/PROD-010,2026-09-10 09:30:00,45,"{""size"": ""M""}"
EVT-000030,CUST-1005,SESS-1005-A,add_to_cart,PROD-010,/cart,2026-09-10 09:30:55,20,"{""qty"": 1}"
EVT-000031,CUST-1005,SESS-1005-A,checkout_started,PROD-010,/checkout,2026-09-10 09:31:20,40,"{""method"": ""PayPal""}"
EVT-000032,CUST-1005,SESS-1005-A,payment_success,PROD-010,/checkout/confirmation,2026-09-10 09:32:10,30,"{""payment_id"": ""PAY-5006""}"
EVT-000033,CUST-1005,SESS-1005-A,order_placed,PROD-010,/order/ORD-2005,2026-09-10 09:32:20,40,"{""order_id"": ""ORD-2004"", ""amount"": 54.0}"
EVT-000034,CUST-1005,SESS-1005-TRACK-1,order_tracking_checked,PROD-010,/account/orders/ORD-2004/tracking,2026-09-15 08:30:00,65,"{""status"": ""Delayed in transit at hub"", ""days_overdue"": 1}"
EVT-000035,CUST-1005,SESS-1005-TRACK-2,order_tracking_checked,PROD-010,/account/orders/ORD-2004/tracking,2026-09-15 19:15:00,65,"{""status"": ""Delayed in transit at hub"", ""days_overdue"": 1}"
EVT-000036,CUST-1005,SESS-1005-TRACK-3,order_tracking_checked,PROD-010,/account/orders/ORD-2004/tracking,2026-09-16 09:00:00,65,"{""status"": ""Delayed in transit at hub"", ""days_overdue"": 2}"
EVT-000037,CUST-1005,SESS-1005-TRACK-4,order_tracking_checked,PROD-010,/account/orders/ORD-2004/tracking,2026-09-16 16:45:00,65,"{""status"": ""Delayed in transit at hub"", ""days_overdue"": 2}"
EVT-000038,CUST-1005,SESS-1005-TRACK-5,order_tracking_checked,PROD-010,/account/orders/ORD-2004/tracking,2026-09-17 11:20:00,65,"{""status"": ""Delayed in transit at hub"", ""days_overdue"": 3}"
EVT-000039,CUST-1005,SESS-1005-TRACK-6,order_tracking_checked,PROD-010,/account/orders/ORD-2004/tracking,2026-09-18 14:10:00,65,"{""status"": ""Delayed in transit at hub"", ""days_overdue"": 3}"
EVT-000040,CUST-1006,SESS-1006-TIK,support_ticket_created,PROD-013,/support/tickets/new,2026-09-16 10:15:00,180,"{""ticket_id"": ""TIK-3001"", ""priority"": ""urgent"", ""category"": ""Product Sizing""}"
EVT-000041,CUST-1006,SESS-1006-TIK-CHECK,support_ticket_viewed,PROD-013,/support/tickets/TIK-3001,2026-09-17 18:30:00,120,"{""status"": ""open"", ""agent_assigned"": false, ""hours_elapsed"": 32}"
EVT-000042,CUST-1007,SESS-1007-REV,feedback_submitted,PROD-004,/product/PROD-004/review,2026-09-16 14:20:00,150,"{""rating"": 1, ""sentiment"": ""negative"", ""feedback_id"": ""FDB-4002""}"
EVT-000043,CUST-1008,SESS-1008-A,product_view,PROD-007,/product/PROD-007,2026-09-23 19:00:00,45,"{""section"": ""hero""}"
EVT-000044,CUST-1008,SESS-1008-A,specification_view,PROD-007,/product/PROD-007#specs,2026-09-23 19:00:50,30,"{""tab"": ""sensor_compatibility"", ""switch_count"": 1}"
EVT-000045,CUST-1008,SESS-1008-A,size_guide_view,PROD-007,/product/PROD-007#strap_fit,2026-09-23 19:01:25,35,"{""modal"": ""strap_sizing_chart"", ""switch_count"": 2}"
EVT-000046,CUST-1008,SESS-1008-A,specification_view,PROD-007,/product/PROD-007#specs,2026-09-23 19:02:00,30,"{""tab"": ""sensor_compatibility"", ""switch_count"": 3}"
EVT-000047,CUST-1008,SESS-1008-A,size_guide_view,PROD-007,/product/PROD-007#strap_fit,2026-09-23 19:02:35,35,"{""modal"": ""strap_sizing_chart"", ""switch_count"": 4}"
EVT-000048,CUST-1008,SESS-1008-A,specification_view,PROD-007,/product/PROD-007#specs,2026-09-23 19:03:10,30,"{""tab"": ""sensor_compatibility"", ""switch_count"": 5}"
EVT-000049,CUST-1008,SESS-1008-A,size_guide_view,PROD-007,/product/PROD-007#strap_fit,2026-09-23 19:03:45,35,"{""modal"": ""strap_sizing_chart"", ""switch_count"": 6}"
EVT-000050,CUST-1008,SESS-1008-A,specification_view,PROD-007,/product/PROD-007#specs,2026-09-23 19:04:20,30,"{""tab"": ""sensor_compatibility"", ""switch_count"": 7}"
EVT-000051,CUST-1008,SESS-1008-A,size_guide_view,PROD-007,/product/PROD-007#strap_fit,2026-09-23 19:04:55,35,"{""modal"": ""strap_sizing_chart"", ""switch_count"": 8}"
EVT-000052,CUST-1008,SESS-1008-A,page_exit_without_purchase,PROD-007,/product/PROD-007,2026-09-23 19:07:00,0,"{""reason"": ""high_hesitation_no_cart"", ""total_dwell_seconds"": 420, ""spec_switches"": 8}"
EVT-000053,CUST-1009,SESS-1009-A,product_view,PROD-001,/product/PROD-001,2026-09-24 10:02:12,28,"{""filter_applied"": ""price_under_100"", ""browse_sequence"": 1}"
EVT-000054,CUST-1009,SESS-1009-A,search,,/search,2026-09-24 10:02:27,20,"{""query"": ""affordable wireless accessories 0"", ""results_viewed"": 12}"
EVT-000055,CUST-1009,SESS-1009-A,product_view,PROD-002,/product/PROD-002,2026-09-24 10:05:55,33,"{""filter_applied"": ""price_under_100"", ""browse_sequence"": 2}"
EVT-000056,CUST-1009,SESS-1009-A,product_view,PROD-008,/product/PROD-008,2026-09-24 10:09:36,31,"{""filter_applied"": ""price_under_100"", ""browse_sequence"": 3}"
EVT-000057,CUST-1009,SESS-1009-A,product_view,PROD-009,/product/PROD-009,2026-09-24 10:11:04,55,"{""filter_applied"": ""price_under_100"", ""browse_sequence"": 4}"
EVT-000058,CUST-1009,SESS-1009-A,product_view,PROD-011,/product/PROD-011,2026-09-24 10:13:42,46,"{""filter_applied"": ""price_under_100"", ""browse_sequence"": 5}"
EVT-000059,CUST-1009,SESS-1009-A,search,,/search,2026-09-24 10:13:57,20,"{""query"": ""affordable wireless accessories 4"", ""results_viewed"": 12}"
EVT-000060,CUST-1009,SESS-1009-A,product_view,PROD-015,/product/PROD-015,2026-09-24 10:15:10,41,"{""filter_applied"": ""price_under_100"", ""browse_sequence"": 6}"
EVT-000061,CUST-1009,SESS-1009-A,product_view,PROD-019,/product/PROD-019,2026-09-24 10:17:27,29,"{""filter_applied"": ""price_under_100"", ""browse_sequence"": 7}"
EVT-000062,CUST-1009,SESS-1009-A,product_view,PROD-021,/product/PROD-021,2026-09-24 10:20:08,29,"{""filter_applied"": ""price_under_100"", ""browse_sequence"": 8}"
EVT-000063,CUST-1009,SESS-1009-A,product_view,PROD-001,/product/PROD-001,2026-09-24 10:23:21,34,"{""filter_applied"": ""price_under_100"", ""browse_sequence"": 9}"
EVT-000064,CUST-1009,SESS-1009-A,search,,/search,2026-09-24 10:23:36,20,"{""query"": ""affordable wireless accessories 8"", ""results_viewed"": 12}"
EVT-000065,CUST-1009,SESS-1009-A,product_view,PROD-002,/product/PROD-002,2026-09-24 10:25:05,30,"{""filter_applied"": ""price_under_100"", ""browse_sequence"": 10}"
EVT-000066,CUST-1009,SESS-1009-B,product_view,PROD-008,/product/PROD-008,2026-09-24 10:26:22,60,"{""filter_applied"": ""price_under_100"", ""browse_sequence"": 11}"
EVT-000067,CUST-1009,SESS-1009-B,product_view,PROD-009,/product/PROD-009,2026-09-24 10:28:46,58,"{""filter_applied"": ""price_under_100"", ""browse_sequence"": 12}"
EVT-000068,CUST-1009,SESS-1009-B,product_view,PROD-011,/product/PROD-011,2026-09-24 10:31:24,53,"{""filter_applied"": ""price_under_100"", ""browse_sequence"": 13}"
EVT-000069,CUST-1009,SESS-1009-B,search,,/search,2026-09-24 10:31:39,20,"{""query"": ""affordable wireless accessories 12"", ""results_viewed"": 12}"
EVT-000070,CUST-1009,SESS-1009-B,product_view,PROD-015,/product/PROD-015,2026-09-24 10:34:16,44,"{""filter_applied"": ""price_under_100"", ""browse_sequence"": 14}"
EVT-000071,CUST-1009,SESS-1009-B,product_view,PROD-019,/product/PROD-019,2026-09-24 10:37:29,64,"{""filter_applied"": ""price_under_100"", ""browse_sequence"": 15}"
EVT-000072,CUST-1009,SESS-1009-B,product_view,PROD-021,/product/PROD-021,2026-09-24 10:40:45,38,"{""filter_applied"": ""price_under_100"", ""browse_sequence"": 16}"
EVT-000073,CUST-1009,SESS-1009-B,product_view,PROD-001,/product/PROD-001,2026-09-24 10:44:08,41,"{""filter_applied"": ""price_under_100"", ""browse_sequence"": 17}"
EVT-000074,CUST-1009,SESS-1009-B,search,,/search,2026-09-24 10:44:23,20,"{""query"": ""affordable wireless accessories 16"", ""results_viewed"": 12}"
EVT-000075,CUST-1009,SESS-1009-B,product_view,PROD-002,/product/PROD-002,2026-09-24 10:47:38,35,"{""filter_applied"": ""price_under_100"", ""browse_sequence"": 18}"
EVT-000076,CUST-1010,SESS-1010-A,product_view,PROD-008,/product/PROD-008,2026-09-25 15:00:00,60,"{""price"": 34.99}"
EVT-000077,CUST-1010,SESS-1010-A,add_to_cart,PROD-008,/cart,2026-09-25 15:01:10,30,"{""quantity"": 2, ""cart_total"": 69.98}"
EVT-000078,CUST-1010,SESS-1010-A,checkout_started,PROD-008,/checkout,2026-09-25 15:01:50,45,"{""step"": ""payment_selection""}"
EVT-000079,CUST-1010,SESS-1010-A,page_exit_without_purchase,PROD-008,/checkout,2026-09-25 15:03:00,0,"{""friction_flag"": ""cart_abandoned"", ""cart_total"": 69.98}"
EVT-000080,CUST-1010,SYSTEM-INTERVENTION,recovery_email_sent,PROD-008,/system/notifications,2026-09-25 15:35:00,0,"{""coupon_code"": ""RECOVER15"", ""discount_percent"": 15, ""channel"": ""email_and_sms""}"
EVT-000081,CUST-1010,SESS-1010-B,recovery_link_clicked,PROD-008,/cart?coupon=RECOVER15,2026-09-25 16:50:00,25,"{""applied_coupon"": ""RECOVER15"", ""discounted_total"": 59.48}"
EVT-000082,CUST-1010,SESS-1010-B,checkout_started,PROD-008,/checkout,2026-09-25 16:50:35,30,"{""step"": ""payment""}"
EVT-000083,CUST-1010,SESS-1010-B,payment_success,PROD-008,/checkout/confirmation,2026-09-25 16:51:15,35,"{""payment_id"": ""PAY-5009"", ""method"": ""UPI"", ""amount"": 59.48}"
EVT-000084,CUST-1010,SESS-1010-B,order_placed,PROD-008,/order/ORD-2007,2026-09-25 16:51:20,50,"{""order_id"": ""ORD-2007"", ""recovery_status"": ""converted"", ""coupon"": ""RECOVER15""}"
EVT-000085,CUST-1011,SESS-1011-1,product_view,PROD-006,/product/PROD-006,2026-08-16 10:00:00,30,"{""category"": ""Home & Kitchen""}"
EVT-000086,CUST-1011,SESS-1011-1,add_to_cart,PROD-006,/cart,2026-08-16 10:01:06,34,"{""price"": 24.99, ""qty"": 1}"
EVT-000087,CUST-1011,SESS-1011-1,checkout_started,PROD-006,/checkout,2026-08-16 10:01:58,136,"{""step"": ""shipping""}"
EVT-000088,CUST-1012,SESS-1012-1,product_view,PROD-010,/product/PROD-010,2026-08-31 12:00:00,120,"{""category"": ""Apparel""}"
EVT-000089,CUST-1012,SESS-1012-1,add_to_cart,PROD-010,/cart,2026-08-31 12:00:39,42,"{""price"": 54.0, ""qty"": 1}"
EVT-000090,CUST-1012,SESS-1012-1,checkout_started,PROD-010,/checkout,2026-08-31 12:01:18,32,"{""step"": ""payment""}"
EVT-000091,CUST-1012,SESS-1012-1,payment_success,PROD-010,/checkout/confirmation,2026-08-31 12:01:45,28,"{""payment_id"": ""PAY-5010"", ""amount"": 54.0}"
EVT-000092,CUST-1012,SESS-1012-1,order_placed,PROD-010,/order/ORD-2008,2026-08-31 12:01:55,55,"{""order_id"": ""ORD-2008"", ""amount"": 54.0}"
EVT-000093,CUST-1013,SESS-1013-1,product_view,PROD-008,/product/PROD-008,2026-08-13 14:00:00,112,"{""category"": ""Electronics""}"
EVT-000094,CUST-1013,SESS-1013-1,add_to_cart,PROD-008,/cart,2026-08-13 14:00:34,28,"{""price"": 34.99, ""qty"": 1}"
EVT-000095,CUST-1013,SESS-1013-1,checkout_started,PROD-008,/checkout,2026-08-13 14:01:03,32,"{""step"": ""payment""}"
EVT-000096,CUST-1013,SESS-1013-1,payment_success,PROD-008,/checkout/confirmation,2026-08-13 14:01:24,25,"{""payment_id"": ""PAY-5011"", ""amount"": 34.99}"
EVT-000097,CUST-1013,SESS-1013-1,order_placed,PROD-008,/order/ORD-2009,2026-08-13 14:01:34,55,"{""order_id"": ""ORD-2009"", ""amount"": 34.99}"
EVT-000098,CUST-1014,SESS-1014-1,product_view,PROD-015,/product/PROD-015,2026-09-06 12:00:00,118,"{""category"": ""Electronics""}"
EVT-000099,CUST-1014,SESS-1014-1,add_to_cart,PROD-015,/cart,2026-09-06 12:00:39,42,"{""price"": 42.99, ""qty"": 1}"
EVT-000100,CUST-1014,SESS-1014-1,checkout_started,PROD-015,/checkout,2026-09-06 12:01:16,60,"{""step"": ""payment""}"
EVT-000101,CUST-1014,SESS-1014-1,payment_success,PROD-015,/checkout/confirmation,2026-09-06 12:01:44,36,"{""payment_id"": ""PAY-5012"", ""amount"": 42.99}"
EVT-000102,CUST-1014,SESS-1014-1,order_placed,PROD-015,/order/ORD-2010,2026-09-06 12:01:54,47,"{""order_id"": ""ORD-2010"", ""amount"": 42.99}"
EVT-000103,CUST-1014,SESS-1014-REV,feedback_submitted,PROD-015,/product/PROD-015/review,2026-09-12 03:01:54,60,"{""rating"": 4, ""feedback_id"": ""FDB-4003""}"
EVT-000104,CUST-1015,SESS-1015-1,product_view,PROD-008,/product/PROD-008,2026-09-08 12:00:00,116,"{""category"": ""Electronics""}"
EVT-000105,CUST-1015,SESS-1015-1,add_to_cart,PROD-008,/cart,2026-09-08 12:00:56,38,"{""price"": 34.99, ""qty"": 1}"
EVT-000106,CUST-1015,SESS-1015-1,checkout_started,PROD-008,/checkout,2026-09-08 12:01:39,60,"{""step"": ""payment""}"
EVT-000107,CUST-1015,SESS-1015-1,payment_success,PROD-008,/checkout/confirmation,2026-09-08 12:01:59,28,"{""payment_id"": ""PAY-5013"", ""amount"": 34.99}"
EVT-000108,CUST-1015,SESS-1015-1,order_placed,PROD-008,/order/ORD-2011,2026-09-08 12:02:09,48,"{""order_id"": ""ORD-2011"", ""amount"": 34.99}"
EVT-000109,CUST-1016,SESS-1016-1,product_view,PROD-009,/product/PROD-009,2026-08-31 16:00:00,53,"{""category"": ""Electronics""}"
EVT-000110,CUST-1016,SESS-1016-1,add_to_cart,PROD-009,/cart,2026-08-31 16:01:17,33,"{""price"": 79.99, ""qty"": 1}"
EVT-000111,CUST-1016,SESS-1016-1,checkout_started,PROD-009,/checkout,2026-08-31 16:02:07,122,"{""step"": ""shipping""}"
EVT-000112,CUST-1017,SESS-1017-1,product_view,PROD-011,/product/PROD-011,2026-08-06 15:00:00,71,"{""category"": ""Electronics""}"
EVT-000113,CUST-1017,SESS-1017-1,add_to_cart,PROD-011,/cart,2026-08-06 15:00:51,23,"{""price"": 39.99, ""qty"": 1}"
EVT-000114,CUST-1017,SESS-1017-1,checkout_started,PROD-011,/checkout,2026-08-06 15:01:21,40,"{""step"": ""payment""}"
EVT-000115,CUST-1017,SESS-1017-1,payment_success,PROD-011,/checkout/confirmation,2026-08-06 15:01:54,35,"{""payment_id"": ""PAY-5014"", ""amount"": 39.99}"
EVT-000116,CUST-1017,SESS-1017-1,order_placed,PROD-011,/order/ORD-2012,2026-08-06 15:02:04,39,"{""order_id"": ""ORD-2012"", ""amount"": 39.99}"
EVT-000117,CUST-1018,SESS-1018-1,product_view,PROD-011,/product/PROD-011,2026-09-05 08:00:00,62,"{""category"": ""Electronics""}"
EVT-000118,CUST-1018,SESS-1018-1,add_to_cart,PROD-011,/cart,2026-09-05 08:00:40,23,"{""price"": 39.99, ""qty"": 1}"
EVT-000119,CUST-1018,SESS-1018-1,checkout_started,PROD-011,/checkout,2026-09-05 08:01:17,57,"{""step"": ""payment""}"
EVT-000120,CUST-1018,SESS-1018-1,payment_success,PROD-011,/checkout/confirmation,2026-09-05 08:01:53,20,"{""payment_id"": ""PAY-5015"", ""amount"": 39.99}"
EVT-000121,CUST-1018,SESS-1018-1,order_placed,PROD-011,/order/ORD-2013,2026-09-05 08:02:03,51,"{""order_id"": ""ORD-2013"", ""amount"": 39.99}"
EVT-000122,CUST-1019,SESS-1019-1,product_view,PROD-025,/product/PROD-025,2026-08-13 16:00:00,93,"{""category"": ""Travel""}"
EVT-000123,CUST-1019,SESS-1019-1,add_to_cart,PROD-025,/cart,2026-08-13 16:00:50,34,"{""price"": 26.99, ""qty"": 1}"
EVT-000124,CUST-1019,SESS-1019-1,checkout_started,PROD-025,/checkout,2026-08-13 16:01:16,36,"{""step"": ""payment""}"
EVT-000125,CUST-1019,SESS-1019-1,payment_success,PROD-025,/checkout/confirmation,2026-08-13 16:01:44,37,"{""payment_id"": ""PAY-5016"", ""amount"": 26.99}"
EVT-000126,CUST-1019,SESS-1019-1,order_placed,PROD-025,/order/ORD-2014,2026-08-13 16:01:54,34,"{""order_id"": ""ORD-2014"", ""amount"": 26.99}"
EVT-000127,CUST-1020,SESS-1020-1,product_view,PROD-021,/product/PROD-021,2026-09-01 09:00:00,107,"{""category"": ""Electronics""}"
EVT-000128,CUST-1020,SESS-1020-1,add_to_cart,PROD-021,/cart,2026-09-01 09:00:55,27,"{""price"": 49.99, ""qty"": 1}"
EVT-000129,CUST-1020,SESS-1020-1,checkout_started,PROD-021,/checkout,2026-09-01 09:01:25,39,"{""step"": ""payment""}"
EVT-000130,CUST-1020,SESS-1020-1,payment_success,PROD-021,/checkout/confirmation,2026-09-01 09:02:02,20,"{""payment_id"": ""PAY-5017"", ""amount"": 49.99}"
EVT-000131,CUST-1020,SESS-1020-1,order_placed,PROD-021,/order/ORD-2015,2026-09-01 09:02:12,47,"{""order_id"": ""ORD-2015"", ""amount"": 49.99}"
EVT-000132,CUST-1020,SESS-1020-REV,feedback_submitted,PROD-021,/product/PROD-021/review,2026-09-07 01:02:12,47,"{""rating"": 4, ""feedback_id"": ""FDB-4004""}"
EVT-000133,CUST-1021,SESS-1021-1,product_view,PROD-023,/product/PROD-023,2026-09-11 10:00:00,67,"{""category"": ""Sports & Fitness""}"
EVT-000134,CUST-1021,SESS-1021-1,add_to_cart,PROD-023,/cart,2026-09-11 10:00:46,42,"{""price"": 22.99, ""qty"": 1}"
EVT-000135,CUST-1021,SESS-1021-1,checkout_started,PROD-023,/checkout,2026-09-11 10:01:19,43,"{""step"": ""payment""}"
EVT-000136,CUST-1021,SESS-1021-1,payment_success,PROD-023,/checkout/confirmation,2026-09-11 10:01:54,35,"{""payment_id"": ""PAY-5018"", ""amount"": 22.99}"
EVT-000137,CUST-1021,SESS-1021-1,order_placed,PROD-023,/order/ORD-2016,2026-09-11 10:02:04,37,"{""order_id"": ""ORD-2016"", ""amount"": 22.99}"
EVT-000138,CUST-1021,SESS-1021-REV,feedback_submitted,PROD-023,/product/PROD-023/review,2026-09-18 01:02:04,72,"{""rating"": 5, ""feedback_id"": ""FDB-4005""}"
EVT-000139,CUST-1022,SESS-1022-1,product_view,PROD-009,/product/PROD-009,2026-09-17 10:00:00,83,"{""category"": ""Electronics""}"
EVT-000140,CUST-1022,SESS-1022-1,add_to_cart,PROD-009,/cart,2026-09-17 10:00:40,45,"{""price"": 79.99, ""qty"": 1}"
EVT-000141,CUST-1022,SESS-1022-1,checkout_started,PROD-009,/checkout,2026-09-17 10:01:21,38,"{""order_id"": ""ORD-2017""}"
EVT-000142,CUST-1022,SESS-1022-1,payment_failed,PROD-009,/checkout/payment,2026-09-17 10:01:41,40,"{""error_code"": ""OTP_EXPIRED"", ""msg"": ""OTP verification timed out""}"
EVT-000143,CUST-1023,SESS-1023-1,product_view,PROD-019,/product/PROD-019,2026-09-16 12:00:00,114,"{""category"": ""Electronics""}"
EVT-000144,CUST-1023,SESS-1023-1,product_view,PROD-005,/product/PROD-005,2026-09-16 12:04:00,54,"{""category"": ""Electronics""}"
EVT-000145,CUST-1023,SESS-1023-1,product_view,PROD-016,/product/PROD-016,2026-09-16 12:07:00,41,"{""category"": ""Electronics""}"
EVT-000146,CUST-1023,SESS-1023-1,product_view,PROD-018,/product/PROD-018,2026-09-16 12:11:00,49,"{""category"": ""Electronics""}"
EVT-000147,CUST-1023,SESS-1023-1,product_view,PROD-011,/product/PROD-011,2026-09-16 12:13:00,35,"{""category"": ""Electronics""}"
EVT-000148,CUST-1023,SESS-1023-1,product_view,PROD-019,/product/PROD-019,2026-09-16 12:17:00,34,"{""category"": ""Electronics""}"
EVT-000149,CUST-1024,SESS-1024-1,product_view,PROD-024,/product/PROD-024,2026-09-19 14:00:00,90,"{""category"": ""Home & Living""}"
EVT-000150,CUST-1024,SESS-1024-1,add_to_cart,PROD-024,/cart,2026-09-19 14:00:52,45,"{""price"": 27.5, ""qty"": 1}"
EVT-000151,CUST-1024,SESS-1024-1,checkout_started,PROD-024,/checkout,2026-09-19 14:01:29,42,"{""step"": ""payment""}"
EVT-000152,CUST-1024,SESS-1024-1,payment_success,PROD-024,/checkout/confirmation,2026-09-19 14:02:09,24,"{""payment_id"": ""PAY-5020"", ""amount"": 27.5}"
EVT-000153,CUST-1024,SESS-1024-1,order_placed,PROD-024,/order/ORD-2018,2026-09-19 14:02:19,45,"{""order_id"": ""ORD-2018"", ""amount"": 27.5}"
EVT-000154,CUST-1025,SESS-1025-1,product_view,PROD-015,/product/PROD-015,2026-09-07 13:00:00,42,"{""category"": ""Electronics""}"
EVT-000155,CUST-1025,SESS-1025-1,add_to_cart,PROD-015,/cart,2026-09-07 13:00:46,34,"{""price"": 42.99, ""qty"": 1}"
EVT-000156,CUST-1025,SESS-1025-1,checkout_started,PROD-015,/checkout,2026-09-07 13:01:11,53,"{""order_id"": ""ORD-2019""}"
EVT-000157,CUST-1025,SESS-1025-1,payment_failed,PROD-015,/checkout/payment,2026-09-07 13:01:31,49,"{""error_code"": ""OTP_EXPIRED"", ""msg"": ""OTP verification timed out""}"
EVT-000158,CUST-1026,SESS-1026-1,product_view,PROD-009,/product/PROD-009,2026-09-11 10:00:00,73,"{""category"": ""Electronics""}"
EVT-000159,CUST-1026,SESS-1026-1,add_to_cart,PROD-009,/cart,2026-09-11 10:00:49,42,"{""price"": 79.99, ""qty"": 1}"
EVT-000160,CUST-1026,SESS-1026-1,checkout_started,PROD-009,/checkout,2026-09-11 10:01:26,50,"{""step"": ""payment""}"
EVT-000161,CUST-1026,SESS-1026-1,payment_success,PROD-009,/checkout/confirmation,2026-09-11 10:01:48,30,"{""payment_id"": ""PAY-5022"", ""amount"": 79.99}"
EVT-000162,CUST-1026,SESS-1026-1,order_placed,PROD-009,/order/ORD-2020,2026-09-11 10:01:58,57,"{""order_id"": ""ORD-2020"", ""amount"": 79.99}"
EVT-000163,CUST-1027,SESS-1027-1,product_view,PROD-025,/product/PROD-025,2026-08-21 18:00:00,92,"{""category"": ""Travel""}"
EVT-000164,CUST-1027,SESS-1027-1,add_to_cart,PROD-025,/cart,2026-08-21 18:01:14,21,"{""price"": 26.99, ""qty"": 1}"
EVT-000165,CUST-1027,SESS-1027-1,checkout_started,PROD-025,/checkout,2026-08-21 18:02:03,68,"{""step"": ""shipping""}"
EVT-000166,CUST-1028,SESS-1028-1,product_view,PROD-010,/product/PROD-010,2026-08-16 18:00:00,59,"{""category"": ""Apparel""}"
EVT-000167,CUST-1028,SESS-1028-1,add_to_cart,PROD-010,/cart,2026-08-16 18:01:27,22,"{""price"": 54.0, ""qty"": 1}"
EVT-000168,CUST-1028,SESS-1028-1,checkout_started,PROD-010,/checkout,2026-08-16 18:02:10,72,"{""step"": ""shipping""}"
EVT-000169,CUST-1029,SESS-1029-1,product_view,PROD-004,/product/PROD-004,2026-09-18 18:00:00,86,"{""category"": ""Wearables""}"
EVT-000170,CUST-1029,SESS-1029-1,add_to_cart,PROD-004,/cart,2026-09-18 18:00:50,42,"{""price"": 49.99, ""qty"": 1}"
EVT-000171,CUST-1029,SESS-1029-1,checkout_started,PROD-004,/checkout,2026-09-18 18:01:29,63,"{""step"": ""shipping""}"
EVT-000172,CUST-1030,SESS-1030-1,product_view,PROD-010,/product/PROD-010,2026-08-03 13:00:00,75,"{""category"": ""Apparel""}"
EVT-000173,CUST-1030,SESS-1030-1,product_view,PROD-014,/product/PROD-014,2026-08-03 13:02:00,35,"{""category"": ""Apparel""}"
EVT-000174,CUST-1030,SESS-1030-1,product_view,PROD-017,/product/PROD-017,2026-08-03 13:06:00,56,"{""category"": ""Apparel""}"
EVT-000175,CUST-1030,SESS-1030-1,product_view,PROD-022,/product/PROD-022,2026-08-03 13:08:00,30,"{""category"": ""Apparel""}"
EVT-000176,CUST-1030,SESS-1030-1,product_view,PROD-006,/product/PROD-006,2026-08-03 13:09:00,59,"{""category"": ""Apparel""}"
EVT-000177,CUST-1031,SESS-1031-1,product_view,PROD-016,/product/PROD-016,2026-08-25 17:00:00,104,"{""category"": ""Accessories""}"
EVT-000178,CUST-1031,SESS-1031-1,add_to_cart,PROD-016,/cart,2026-08-25 17:00:49,27,"{""price"": 29.99, ""qty"": 1}"
EVT-000179,CUST-1031,SESS-1031-1,checkout_started,PROD-016,/checkout,2026-08-25 17:01:33,141,"{""step"": ""shipping""}"
EVT-000180,CUST-1032,SESS-1032-1,product_view,PROD-001,/product/PROD-001,2026-08-17 15:00:00,89,"{""category"": ""Electronics""}"
EVT-000181,CUST-1032,SESS-1032-1,add_to_cart,PROD-001,/cart,2026-08-17 15:00:58,29,"{""price"": 89.99, ""qty"": 1}"
EVT-000182,CUST-1032,SESS-1032-1,checkout_started,PROD-001,/checkout,2026-08-17 15:01:40,35,"{""step"": ""payment""}"
EVT-000183,CUST-1032,SESS-1032-1,payment_success,PROD-001,/checkout/confirmation,2026-08-17 15:02:02,34,"{""payment_id"": ""PAY-5023"", ""amount"": 89.99}"
EVT-000184,CUST-1032,SESS-1032-1,order_placed,PROD-001,/order/ORD-2021,2026-08-17 15:02:12,60,"{""order_id"": ""ORD-2021"", ""amount"": 89.99}"
EVT-000185,CUST-1032,SESS-1032-REV,feedback_submitted,PROD-001,/product/PROD-001/review,2026-08-24 08:02:12,56,"{""rating"": 4, ""feedback_id"": ""FDB-4006""}"
EVT-000186,CUST-1033,SESS-1033-1,product_view,PROD-013,/product/PROD-013,2026-08-30 12:00:00,91,"{""category"": ""Apparel""}"
EVT-000187,CUST-1033,SESS-1033-1,add_to_cart,PROD-013,/cart,2026-08-30 12:00:33,27,"{""price"": 145.0, ""qty"": 1}"
EVT-000188,CUST-1033,SESS-1033-1,checkout_started,PROD-013,/checkout,2026-08-30 12:01:10,48,"{""step"": ""payment""}"
EVT-000189,CUST-1033,SESS-1033-1,payment_success,PROD-013,/checkout/confirmation,2026-08-30 12:01:41,38,"{""payment_id"": ""PAY-5024"", ""amount"": 145.0}"
EVT-000190,CUST-1033,SESS-1033-1,order_placed,PROD-013,/order/ORD-2022,2026-08-30 12:01:51,39,"{""order_id"": ""ORD-2022"", ""amount"": 145.0}"
EVT-000191,CUST-1034,SESS-1034-1,product_view,PROD-019,/product/PROD-019,2026-09-12 14:00:00,117,"{""category"": ""Electronics""}"
EVT-000192,CUST-1034,SESS-1034-1,add_to_cart,PROD-019,/cart,2026-09-12 14:00:54,43,"{""price"": 69.99, ""qty"": 1}"
EVT-000193,CUST-1034,SESS-1034-1,checkout_started,PROD-019,/checkout,2026-09-12 14:01:20,59,"{""step"": ""payment""}"
EVT-000194,CUST-1034,SESS-1034-1,payment_success,PROD-019,/checkout/confirmation,2026-09-12 14:01:59,35,"{""payment_id"": ""PAY-5025"", ""amount"": 69.99}"
EVT-000195,CUST-1034,SESS-1034-1,order_placed,PROD-019,/order/ORD-2023,2026-09-12 14:02:09,56,"{""order_id"": ""ORD-2023"", ""amount"": 69.99}"
EVT-000196,CUST-1035,SESS-1035-1,product_view,PROD-021,/product/PROD-021,2026-09-08 20:00:00,54,"{""category"": ""Electronics""}"
EVT-000197,CUST-1035,SESS-1035-1,add_to_cart,PROD-021,/cart,2026-09-08 20:00:49,28,"{""price"": 49.99, ""qty"": 1}"
EVT-000198,CUST-1035,SESS-1035-1,checkout_started,PROD-021,/checkout,2026-09-08 20:01:18,50,"{""step"": ""payment""}"
EVT-000199,CUST-1035,SESS-1035-1,payment_success,PROD-021,/checkout/confirmation,2026-09-08 20:01:41,40,"{""payment_id"": ""PAY-5026"", ""amount"": 49.99}"
EVT-000200,CUST-1035,SESS-1035-1,order_placed,PROD-021,/order/ORD-2024,2026-09-08 20:01:51,50,"{""order_id"": ""ORD-2024"", ""amount"": 49.99}"
EVT-000201,CUST-1036,SESS-1036-1,product_view,PROD-005,/product/PROD-005,2026-08-03 17:00:00,41,"{""category"": ""Bags & Luggage""}"
EVT-000202,CUST-1036,SESS-1036-1,add_to_cart,PROD-005,/cart,2026-08-03 17:00:59,29,"{""price"": 64.99, ""qty"": 1}"
EVT-000203,CUST-1036,SESS-1036-1,checkout_started,PROD-005,/checkout,2026-08-03 17:01:34,53,"{""step"": ""payment""}"
EVT-000204,CUST-1036,SESS-1036-1,payment_success,PROD-005,/checkout/confirmation,2026-08-03 17:02:07,25,"{""payment_id"": ""PAY-5027"", ""amount"": 64.99}"
EVT-000205,CUST-1036,SESS-1036-1,order_placed,PROD-005,/order/ORD-2025,2026-08-03 17:02:17,36,"{""order_id"": ""ORD-2025"", ""amount"": 64.99}"
EVT-000206,CUST-1037,SESS-1037-1,product_view,PROD-009,/product/PROD-009,2026-08-24 16:00:00,51,"{""category"": ""Electronics""}"
EVT-000207,CUST-1037,SESS-1037-1,add_to_cart,PROD-009,/cart,2026-08-24 16:00:38,35,"{""price"": 79.99, ""qty"": 1}"
EVT-000208,CUST-1037,SESS-1037-1,checkout_started,PROD-009,/checkout,2026-08-24 16:01:12,53,"{""step"": ""payment""}"
EVT-000209,CUST-1037,SESS-1037-1,payment_success,PROD-009,/checkout/confirmation,2026-08-24 16:01:42,23,"{""payment_id"": ""PAY-5028"", ""amount"": 79.99}"
EVT-000210,CUST-1037,SESS-1037-1,order_placed,PROD-009,/order/ORD-2026,2026-08-24 16:01:52,44,"{""order_id"": ""ORD-2026"", ""amount"": 79.99}"
EVT-000211,CUST-1038,SESS-1038-1,product_view,PROD-013,/product/PROD-013,2026-08-15 18:00:00,101,"{""category"": ""Apparel""}"
EVT-000212,CUST-1038,SESS-1038-1,add_to_cart,PROD-013,/cart,2026-08-15 18:01:03,22,"{""price"": 145.0, ""qty"": 1}"
EVT-000213,CUST-1038,SESS-1038-1,checkout_started,PROD-013,/checkout,2026-08-15 18:01:58,110,"{""step"": ""shipping""}"
EVT-000214,CUST-1039,SESS-1039-1,product_view,PROD-015,/product/PROD-015,2026-08-01 12:00:00,77,"{""category"": ""Electronics""}"
EVT-000215,CUST-1039,SESS-1039-1,add_to_cart,PROD-015,/cart,2026-08-01 12:00:51,43,"{""price"": 42.99, ""qty"": 1}"
EVT-000216,CUST-1039,SESS-1039-1,checkout_started,PROD-015,/checkout,2026-08-01 12:01:24,48,"{""step"": ""payment""}"
EVT-000217,CUST-1039,SESS-1039-1,payment_success,PROD-015,/checkout/confirmation,2026-08-01 12:01:56,40,"{""payment_id"": ""PAY-5029"", ""amount"": 42.99}"
EVT-000218,CUST-1039,SESS-1039-1,order_placed,PROD-015,/order/ORD-2027,2026-08-01 12:02:06,60,"{""order_id"": ""ORD-2027"", ""amount"": 42.99}"
EVT-000219,CUST-1040,SESS-1040-1,product_view,PROD-018,/product/PROD-018,2026-08-31 08:00:00,71,"{""category"": ""Home Appliances""}"
EVT-000220,CUST-1040,SESS-1040-1,add_to_cart,PROD-018,/cart,2026-08-31 08:01:19,27,"{""price"": 189.0, ""qty"": 1}"
EVT-000221,CUST-1040,SESS-1040-1,checkout_started,PROD-018,/checkout,2026-08-31 08:02:09,68,"{""step"": ""shipping""}"
EVT-000222,CUST-1041,SESS-1041-1,product_view,PROD-010,/product/PROD-010,2026-09-10 15:00:00,113,"{""category"": ""Apparel""}"
EVT-000223,CUST-1041,SESS-1041-1,add_to_cart,PROD-010,/cart,2026-09-10 15:00:43,23,"{""price"": 54.0, ""qty"": 1}"
EVT-000224,CUST-1041,SESS-1041-1,checkout_started,PROD-010,/checkout,2026-09-10 15:01:12,31,"{""order_id"": ""ORD-2028""}"
EVT-000225,CUST-1041,SESS-1041-1,payment_failed,PROD-010,/checkout/payment,2026-09-10 15:01:32,42,"{""error_code"": ""OTP_EXPIRED"", ""msg"": ""OTP verification timed out""}"
EVT-000226,CUST-1042,SESS-1042-1,product_view,PROD-018,/product/PROD-018,2026-09-01 09:00:00,47,"{""category"": ""Home Appliances""}"
EVT-000227,CUST-1042,SESS-1042-1,add_to_cart,PROD-018,/cart,2026-09-01 09:00:42,34,"{""price"": 189.0, ""qty"": 1}"
EVT-000228,CUST-1042,SESS-1042-1,checkout_started,PROD-018,/checkout,2026-09-01 09:01:18,51,"{""step"": ""payment""}"
EVT-000229,CUST-1042,SESS-1042-1,payment_success,PROD-018,/checkout/confirmation,2026-09-01 09:01:55,33,"{""payment_id"": ""PAY-5031"", ""amount"": 189.0}"
EVT-000230,CUST-1042,SESS-1042-1,order_placed,PROD-018,/order/ORD-2029,2026-09-01 09:02:05,48,"{""order_id"": ""ORD-2029"", ""amount"": 189.0}"
EVT-000231,CUST-1043,SESS-1043-1,product_view,PROD-009,/product/PROD-009,2026-09-01 17:00:00,34,"{""category"": ""Electronics""}"
EVT-000232,CUST-1043,SESS-1043-1,add_to_cart,PROD-009,/cart,2026-09-01 17:00:52,31,"{""price"": 79.99, ""qty"": 1}"
EVT-000233,CUST-1043,SESS-1043-1,checkout_started,PROD-009,/checkout,2026-09-01 17:01:23,44,"{""step"": ""payment""}"
EVT-000234,CUST-1043,SESS-1043-1,payment_success,PROD-009,/checkout/confirmation,2026-09-01 17:01:57,27,"{""payment_id"": ""PAY-5032"", ""amount"": 79.99}"
EVT-000235,CUST-1043,SESS-1043-1,order_placed,PROD-009,/order/ORD-2030,2026-09-01 17:02:07,57,"{""order_id"": ""ORD-2030"", ""amount"": 79.99}"
EVT-000236,CUST-1044,SESS-1044-1,product_view,PROD-021,/product/PROD-021,2026-08-24 16:00:00,75,"{""category"": ""Electronics""}"
EVT-000237,CUST-1044,SESS-1044-1,add_to_cart,PROD-021,/cart,2026-08-24 16:00:31,32,"{""price"": 49.99, ""qty"": 1}"
EVT-000238,CUST-1044,SESS-1044-1,checkout_started,PROD-021,/checkout,2026-08-24 16:01:04,36,"{""order_id"": ""ORD-2031""}"
EVT-000239,CUST-1044,SESS-1044-1,payment_failed,PROD-021,/checkout/payment,2026-08-24 16:01:24,47,"{""error_code"": ""OTP_EXPIRED"", ""msg"": ""OTP verification timed out""}"
EVT-000240,CUST-1045,SESS-1045-1,product_view,PROD-021,/product/PROD-021,2026-08-30 09:00:00,111,"{""category"": ""Electronics""}"
EVT-000241,CUST-1045,SESS-1045-1,add_to_cart,PROD-021,/cart,2026-08-30 09:01:18,20,"{""price"": 49.99, ""qty"": 1}"
EVT-000242,CUST-1045,SESS-1045-1,checkout_started,PROD-021,/checkout,2026-08-30 09:01:49,102,"{""step"": ""shipping""}"
EVT-000243,CUST-1046,SESS-1046-1,product_view,PROD-007,/product/PROD-007,2026-08-16 10:00:00,38,"{""category"": ""Wearables""}"
EVT-000244,CUST-1046,SESS-1046-1,product_view,PROD-019,/product/PROD-019,2026-08-16 10:02:00,34,"{""category"": ""Wearables""}"
EVT-000245,CUST-1046,SESS-1046-1,product_view,PROD-011,/product/PROD-011,2026-08-16 10:04:00,58,"{""category"": ""Wearables""}"
EVT-000246,CUST-1046,SESS-1046-1,product_view,PROD-001,/product/PROD-001,2026-08-16 10:07:00,29,"{""category"": ""Wearables""}"
EVT-000247,CUST-1047,SESS-1047-1,product_view,PROD-006,/product/PROD-006,2026-08-09 16:00:00,44,"{""category"": ""Home & Kitchen""}"
EVT-000248,CUST-1047,SESS-1047-1,add_to_cart,PROD-006,/cart,2026-08-09 16:00:51,20,"{""price"": 24.99, ""qty"": 1}"
EVT-000249,CUST-1047,SESS-1047-1,checkout_started,PROD-006,/checkout,2026-08-09 16:01:20,30,"{""step"": ""payment""}"
EVT-000250,CUST-1047,SESS-1047-1,payment_success,PROD-006,/checkout/confirmation,2026-08-09 16:01:51,27,"{""payment_id"": ""PAY-5034"", ""amount"": 24.99}"
EVT-000251,CUST-1047,SESS-1047-1,order_placed,PROD-006,/order/ORD-2032,2026-08-09 16:02:01,48,"{""order_id"": ""ORD-2032"", ""amount"": 24.99}"
EVT-000252,CUST-1047,SESS-1047-REV,feedback_submitted,PROD-006,/product/PROD-006/review,2026-08-14 09:02:01,66,"{""rating"": 4, ""feedback_id"": ""FDB-4007""}"
EVT-000253,CUST-1048,SESS-1048-1,product_view,PROD-016,/product/PROD-016,2026-09-03 09:00:00,87,"{""category"": ""Accessories""}"
EVT-000254,CUST-1048,SESS-1048-1,add_to_cart,PROD-016,/cart,2026-09-03 09:01:29,31,"{""price"": 29.99, ""qty"": 1}"
EVT-000255,CUST-1048,SESS-1048-1,checkout_started,PROD-016,/checkout,2026-09-03 09:02:15,135,"{""step"": ""shipping""}"
EVT-000256,CUST-1049,SESS-1049-1,product_view,PROD-020,/product/PROD-020,2026-08-07 15:00:00,35,"{""category"": ""Bags & Luggage""}"
EVT-000257,CUST-1049,SESS-1049-1,add_to_cart,PROD-020,/cart,2026-08-07 15:00:53,45,"{""price"": 119.99, ""qty"": 1}"
EVT-000258,CUST-1049,SESS-1049-1,checkout_started,PROD-020,/checkout,2026-08-07 15:01:34,39,"{""step"": ""payment""}"
EVT-000259,CUST-1049,SESS-1049-1,payment_success,PROD-020,/checkout/confirmation,2026-08-07 15:02:08,40,"{""payment_id"": ""PAY-5035"", ""amount"": 119.99}"
EVT-000260,CUST-1049,SESS-1049-1,order_placed,PROD-020,/order/ORD-2033,2026-08-07 15:02:18,60,"{""order_id"": ""ORD-2033"", ""amount"": 119.99}"
EVT-000261,CUST-1050,SESS-1050-1,product_view,PROD-016,/product/PROD-016,2026-08-26 14:00:00,86,"{""category"": ""Accessories""}"
EVT-000262,CUST-1050,SESS-1050-1,add_to_cart,PROD-016,/cart,2026-08-26 14:00:44,48,"{""price"": 29.99, ""qty"": 1}"
EVT-000263,CUST-1050,SESS-1050-1,checkout_started,PROD-016,/checkout,2026-08-26 14:01:16,101,"{""step"": ""shipping""}"
EVT-000264,CUST-1051,SESS-1051-1,product_view,PROD-009,/product/PROD-009,2026-09-08 10:00:00,109,"{""category"": ""Electronics""}"
EVT-000265,CUST-1051,SESS-1051-1,add_to_cart,PROD-009,/cart,2026-09-08 10:00:50,38,"{""price"": 79.99, ""qty"": 1}"
EVT-000266,CUST-1051,SESS-1051-1,checkout_started,PROD-009,/checkout,2026-09-08 10:01:32,52,"{""step"": ""payment""}"
EVT-000267,CUST-1051,SESS-1051-1,payment_success,PROD-009,/checkout/confirmation,2026-09-08 10:02:02,32,"{""payment_id"": ""PAY-5036"", ""amount"": 79.99}"
EVT-000268,CUST-1051,SESS-1051-1,order_placed,PROD-009,/order/ORD-2034,2026-09-08 10:02:12,49,"{""order_id"": ""ORD-2034"", ""amount"": 79.99}"
EVT-000269,CUST-1052,SESS-1052-1,product_view,PROD-023,/product/PROD-023,2026-09-08 14:00:00,44,"{""category"": ""Sports & Fitness""}"
EVT-000270,CUST-1052,SESS-1052-1,add_to_cart,PROD-023,/cart,2026-09-08 14:00:57,40,"{""price"": 22.99, ""qty"": 1}"
EVT-000271,CUST-1052,SESS-1052-1,checkout_started,PROD-023,/checkout,2026-09-08 14:01:42,58,"{""step"": ""payment""}"
EVT-000272,CUST-1052,SESS-1052-1,payment_success,PROD-023,/checkout/confirmation,2026-09-08 14:02:19,26,"{""payment_id"": ""PAY-5037"", ""amount"": 22.99}"
EVT-000273,CUST-1052,SESS-1052-1,order_placed,PROD-023,/order/ORD-2035,2026-09-08 14:02:29,43,"{""order_id"": ""ORD-2035"", ""amount"": 22.99}"
EVT-000274,CUST-1053,SESS-1053-1,product_view,PROD-004,/product/PROD-004,2026-08-30 14:00:00,70,"{""category"": ""Wearables""}"
EVT-000275,CUST-1053,SESS-1053-1,add_to_cart,PROD-004,/cart,2026-08-30 14:00:43,30,"{""price"": 49.99, ""qty"": 1}"
EVT-000276,CUST-1053,SESS-1053-1,checkout_started,PROD-004,/checkout,2026-08-30 14:01:16,41,"{""step"": ""payment""}"
EVT-000277,CUST-1053,SESS-1053-1,payment_success,PROD-004,/checkout/confirmation,2026-08-30 14:01:40,35,"{""payment_id"": ""PAY-5038"", ""amount"": 49.99}"
EVT-000278,CUST-1053,SESS-1053-1,order_placed,PROD-004,/order/ORD-2036,2026-08-30 14:01:50,32,"{""order_id"": ""ORD-2036"", ""amount"": 49.99}"
EVT-000279,CUST-1053,SESS-1053-REV,feedback_submitted,PROD-004,/product/PROD-004/review,2026-09-04 11:01:50,63,"{""rating"": 4, ""feedback_id"": ""FDB-4008""}"
EVT-000280,CUST-1054,SESS-1054-1,product_view,PROD-018,/product/PROD-018,2026-08-09 16:00:00,101,"{""category"": ""Home Appliances""}"
EVT-000281,CUST-1054,SESS-1054-1,add_to_cart,PROD-018,/cart,2026-08-09 16:00:40,41,"{""price"": 189.0, ""qty"": 1}"
EVT-000282,CUST-1054,SESS-1054-1,checkout_started,PROD-018,/checkout,2026-08-09 16:01:08,43,"{""step"": ""payment""}"
EVT-000283,CUST-1054,SESS-1054-1,payment_success,PROD-018,/checkout/confirmation,2026-08-09 16:01:39,33,"{""payment_id"": ""PAY-5039"", ""amount"": 189.0}"
EVT-000284,CUST-1054,SESS-1054-1,order_placed,PROD-018,/order/ORD-2037,2026-08-09 16:01:49,57,"{""order_id"": ""ORD-2037"", ""amount"": 189.0}"
EVT-000285,CUST-1055,SESS-1055-1,product_view,PROD-007,/product/PROD-007,2026-08-23 09:00:00,49,"{""category"": ""Wearables""}"
EVT-000286,CUST-1055,SESS-1055-1,add_to_cart,PROD-007,/cart,2026-08-23 09:01:22,35,"{""price"": 299.99, ""qty"": 1}"
EVT-000287,CUST-1055,SESS-1055-1,checkout_started,PROD-007,/checkout,2026-08-23 09:01:59,73,"{""step"": ""shipping""}"
EVT-000288,CUST-1056,SESS-1056-1,product_view,PROD-025,/product/PROD-025,2026-08-23 16:00:00,65,"{""category"": ""Travel""}"
EVT-000289,CUST-1056,SESS-1056-1,add_to_cart,PROD-025,/cart,2026-08-23 16:00:48,27,"{""price"": 26.99, ""qty"": 1}"
EVT-000290,CUST-1056,SESS-1056-1,checkout_started,PROD-025,/checkout,2026-08-23 16:01:26,57,"{""step"": ""payment""}"
EVT-000291,CUST-1056,SESS-1056-1,payment_success,PROD-025,/checkout/confirmation,2026-08-23 16:02:03,39,"{""payment_id"": ""PAY-5040"", ""amount"": 26.99}"
EVT-000292,CUST-1056,SESS-1056-1,order_placed,PROD-025,/order/ORD-2038,2026-08-23 16:02:13,49,"{""order_id"": ""ORD-2038"", ""amount"": 26.99}"
EVT-000293,CUST-1057,SESS-1057-1,product_view,PROD-009,/product/PROD-009,2026-09-08 18:00:00,33,"{""category"": ""Electronics""}"
EVT-000294,CUST-1057,SESS-1057-1,product_view,PROD-009,/product/PROD-009,2026-09-08 18:03:00,41,"{""category"": ""Electronics""}"
EVT-000295,CUST-1057,SESS-1057-1,product_view,PROD-012,/product/PROD-012,2026-09-08 18:04:00,31,"{""category"": ""Electronics""}"
EVT-000296,CUST-1057,SESS-1057-1,product_view,PROD-005,/product/PROD-005,2026-09-08 18:08:00,24,"{""category"": ""Electronics""}"
EVT-000297,CUST-1058,SESS-1058-1,product_view,PROD-001,/product/PROD-001,2026-08-10 19:00:00,41,"{""category"": ""Electronics""}"
EVT-000298,CUST-1058,SESS-1058-1,add_to_cart,PROD-001,/cart,2026-08-10 19:01:27,36,"{""price"": 89.99, ""qty"": 1}"
EVT-000299,CUST-1058,SESS-1058-1,checkout_started,PROD-001,/checkout,2026-08-10 19:02:03,108,"{""step"": ""shipping""}"
EVT-000300,CUST-1059,SESS-1059-1,product_view,PROD-012,/product/PROD-012,2026-08-27 15:00:00,69,"{""category"": ""Home & Kitchen""}"
EVT-000301,CUST-1059,SESS-1059-1,add_to_cart,PROD-012,/cart,2026-08-27 15:00:53,30,"{""price"": 32.5, ""qty"": 1}"
EVT-000302,CUST-1059,SESS-1059-1,checkout_started,PROD-012,/checkout,2026-08-27 15:01:36,49,"{""step"": ""payment""}"
EVT-000303,CUST-1059,SESS-1059-1,payment_success,PROD-012,/checkout/confirmation,2026-08-27 15:01:58,21,"{""payment_id"": ""PAY-5041"", ""amount"": 32.5}"
EVT-000304,CUST-1059,SESS-1059-1,order_placed,PROD-012,/order/ORD-2039,2026-08-27 15:02:08,34,"{""order_id"": ""ORD-2039"", ""amount"": 32.5}"
EVT-000305,CUST-1060,SESS-1060-1,product_view,PROD-022,/product/PROD-022,2026-09-13 09:00:00,84,"{""category"": ""Home & Kitchen""}"
EVT-000306,CUST-1060,SESS-1060-1,add_to_cart,PROD-022,/cart,2026-09-13 09:00:45,39,"{""price"": 38.0, ""qty"": 1}"
EVT-000307,CUST-1060,SESS-1060-1,checkout_started,PROD-022,/checkout,2026-09-13 09:01:24,43,"{""step"": ""payment""}"
EVT-000308,CUST-1060,SESS-1060-1,payment_success,PROD-022,/checkout/confirmation,2026-09-13 09:01:52,26,"{""payment_id"": ""PAY-5042"", ""amount"": 38.0}"
EVT-000309,CUST-1060,SESS-1060-1,order_placed,PROD-022,/order/ORD-2040,2026-09-13 09:02:02,54,"{""order_id"": ""ORD-2040"", ""amount"": 38.0}"
EVT-000310,CUST-1060,SESS-1060-REV,feedback_submitted,PROD-022,/product/PROD-022/review,2026-09-18 23:02:02,77,"{""rating"": 4, ""feedback_id"": ""FDB-4009""}"
EVT-000311,CUST-1061,SESS-1061-1,product_view,PROD-002,/product/PROD-002,2026-09-01 16:00:00,58,"{""category"": ""Electronics""}"
EVT-000312,CUST-1061,SESS-1061-1,add_to_cart,PROD-002,/cart,2026-09-01 16:01:05,39,"{""price"": 199.99, ""qty"": 1}"
EVT-000313,CUST-1061,SESS-1061-1,checkout_started,PROD-002,/checkout,2026-09-01 16:01:36,60,"{""step"": ""shipping""}"
EVT-000314,CUST-1062,SESS-1062-1,product_view,PROD-025,/product/PROD-025,2026-08-14 12:00:00,47,"{""category"": ""Travel""}"
EVT-000315,CUST-1062,SESS-1062-1,add_to_cart,PROD-025,/cart,2026-08-14 12:00:54,28,"{""price"": 26.99, ""qty"": 1}"
EVT-000316,CUST-1062,SESS-1062-1,checkout_started,PROD-025,/checkout,2026-08-14 12:01:28,40,"{""order_id"": ""ORD-2041""}"
EVT-000317,CUST-1062,SESS-1062-1,payment_failed,PROD-025,/checkout/payment,2026-08-14 12:01:48,47,"{""error_code"": ""OTP_EXPIRED"", ""msg"": ""OTP verification timed out""}"
EVT-000318,CUST-1063,SESS-1063-1,product_view,PROD-005,/product/PROD-005,2026-09-01 19:00:00,78,"{""category"": ""Bags & Luggage""}"
EVT-000319,CUST-1063,SESS-1063-1,add_to_cart,PROD-005,/cart,2026-09-01 19:00:47,42,"{""price"": 64.99, ""qty"": 1}"
EVT-000320,CUST-1063,SESS-1063-1,checkout_started,PROD-005,/checkout,2026-09-01 19:01:19,46,"{""step"": ""payment""}"
EVT-000321,CUST-1063,SESS-1063-1,payment_success,PROD-005,/checkout/confirmation,2026-09-01 19:01:56,31,"{""payment_id"": ""PAY-5044"", ""amount"": 64.99}"
EVT-000322,CUST-1063,SESS-1063-1,order_placed,PROD-005,/order/ORD-2042,2026-09-01 19:02:06,32,"{""order_id"": ""ORD-2042"", ""amount"": 64.99}"
EVT-000323,CUST-1064,SESS-1064-1,product_view,PROD-003,/product/PROD-003,2026-08-28 08:00:00,70,"{""category"": ""Furniture""}"
EVT-000324,CUST-1064,SESS-1064-1,add_to_cart,PROD-003,/cart,2026-08-28 08:00:48,33,"{""price"": 249.5, ""qty"": 1}"
EVT-000325,CUST-1064,SESS-1064-1,checkout_started,PROD-003,/checkout,2026-08-28 08:01:31,42,"{""step"": ""payment""}"
EVT-000326,CUST-1064,SESS-1064-1,payment_success,PROD-003,/checkout/confirmation,2026-08-28 08:02:11,33,"{""payment_id"": ""PAY-5045"", ""amount"": 249.5}"
EVT-000327,CUST-1064,SESS-1064-1,order_placed,PROD-003,/order/ORD-2043,2026-08-28 08:02:21,39,"{""order_id"": ""ORD-2043"", ""amount"": 249.5}"
EVT-000328,CUST-1064,SESS-1064-REV,feedback_submitted,PROD-003,/product/PROD-003/review,2026-09-02 05:02:21,79,"{""rating"": 5, ""feedback_id"": ""FDB-4010""}"
EVT-000329,CUST-1065,SESS-1065-1,product_view,PROD-003,/product/PROD-003,2026-08-30 19:00:00,85,"{""category"": ""Furniture""}"
EVT-000330,CUST-1065,SESS-1065-1,add_to_cart,PROD-003,/cart,2026-08-30 19:00:57,23,"{""price"": 249.5, ""qty"": 1}"
EVT-000331,CUST-1065,SESS-1065-1,checkout_started,PROD-003,/checkout,2026-08-30 19:01:29,43,"{""order_id"": ""ORD-2044""}"
EVT-000332,CUST-1065,SESS-1065-1,payment_failed,PROD-003,/checkout/payment,2026-08-30 19:01:49,77,"{""error_code"": ""OTP_EXPIRED"", ""msg"": ""OTP verification timed out""}"
EVT-000333,CUST-1066,SESS-1066-1,product_view,PROD-010,/product/PROD-010,2026-09-03 09:00:00,73,"{""category"": ""Apparel""}"
EVT-000334,CUST-1066,SESS-1066-1,add_to_cart,PROD-010,/cart,2026-09-03 09:00:37,30,"{""price"": 54.0, ""qty"": 1}"
EVT-000335,CUST-1066,SESS-1066-1,checkout_started,PROD-010,/checkout,2026-09-03 09:01:07,32,"{""step"": ""payment""}"
EVT-000336,CUST-1066,SESS-1066-1,payment_success,PROD-010,/checkout/confirmation,2026-09-03 09:01:43,40,"{""payment_id"": ""PAY-5047"", ""amount"": 54.0}"
EVT-000337,CUST-1066,SESS-1066-1,order_placed,PROD-010,/order/ORD-2045,2026-09-03 09:01:53,33,"{""order_id"": ""ORD-2045"", ""amount"": 54.0}"
EVT-000338,CUST-1066,SESS-1066-REV,feedback_submitted,PROD-010,/product/PROD-010/review,2026-09-08 23:01:53,49,"{""rating"": 5, ""feedback_id"": ""FDB-4011""}"
EVT-000339,CUST-1067,SESS-1067-1,product_view,PROD-007,/product/PROD-007,2026-08-16 09:00:00,52,"{""category"": ""Wearables""}"
EVT-000340,CUST-1067,SESS-1067-1,add_to_cart,PROD-007,/cart,2026-08-16 09:00:49,24,"{""price"": 299.99, ""qty"": 1}"
EVT-000341,CUST-1067,SESS-1067-1,checkout_started,PROD-007,/checkout,2026-08-16 09:01:34,32,"{""step"": ""payment""}"
EVT-000342,CUST-1067,SESS-1067-1,payment_success,PROD-007,/checkout/confirmation,2026-08-16 09:01:59,40,"{""payment_id"": ""PAY-5048"", ""amount"": 299.99}"
EVT-000343,CUST-1067,SESS-1067-1,order_placed,PROD-007,/order/ORD-2046,2026-08-16 09:02:09,45,"{""order_id"": ""ORD-2046"", ""amount"": 299.99}"
EVT-000344,CUST-1068,SESS-1068-1,product_view,PROD-019,/product/PROD-019,2026-09-07 15:00:00,112,"{""category"": ""Electronics""}"
EVT-000345,CUST-1068,SESS-1068-1,add_to_cart,PROD-019,/cart,2026-09-07 15:01:20,39,"{""price"": 69.99, ""qty"": 1}"
EVT-000346,CUST-1068,SESS-1068-1,checkout_started,PROD-019,/checkout,2026-09-07 15:02:00,140,"{""step"": ""shipping""}"
EVT-000347,CUST-1069,SESS-1069-1,product_view,PROD-016,/product/PROD-016,2026-08-21 10:00:00,86,"{""category"": ""Accessories""}"
EVT-000348,CUST-1069,SESS-1069-1,add_to_cart,PROD-016,/cart,2026-08-21 10:00:50,29,"{""price"": 29.99, ""qty"": 1}"
EVT-000349,CUST-1069,SESS-1069-1,checkout_started,PROD-016,/checkout,2026-08-21 10:01:23,48,"{""step"": ""payment""}"
EVT-000350,CUST-1069,SESS-1069-1,payment_success,PROD-016,/checkout/confirmation,2026-08-21 10:01:44,31,"{""payment_id"": ""PAY-5049"", ""amount"": 29.99}"
EVT-000351,CUST-1069,SESS-1069-1,order_placed,PROD-016,/order/ORD-2047,2026-08-21 10:01:54,46,"{""order_id"": ""ORD-2047"", ""amount"": 29.99}"
EVT-000352,CUST-1070,SESS-1070-1,product_view,PROD-010,/product/PROD-010,2026-08-03 08:00:00,39,"{""category"": ""Apparel""}"
EVT-000353,CUST-1070,SESS-1070-1,add_to_cart,PROD-010,/cart,2026-08-03 08:00:50,22,"{""price"": 54.0, ""qty"": 1}"
EVT-000354,CUST-1070,SESS-1070-1,checkout_started,PROD-010,/checkout,2026-08-03 08:01:34,49,"{""step"": ""payment""}"
EVT-000355,CUST-1070,SESS-1070-1,payment_success,PROD-010,/checkout/confirmation,2026-08-03 08:02:10,32,"{""payment_id"": ""PAY-5050"", ""amount"": 54.0}"
EVT-000356,CUST-1070,SESS-1070-1,order_placed,PROD-010,/order/ORD-2048,2026-08-03 08:02:20,44,"{""order_id"": ""ORD-2048"", ""amount"": 54.0}"
EVT-000357,CUST-1071,SESS-1071-1,product_view,PROD-019,/product/PROD-019,2026-09-17 08:00:00,113,"{""category"": ""Electronics""}"
EVT-000358,CUST-1071,SESS-1071-1,add_to_cart,PROD-019,/cart,2026-09-17 08:00:36,30,"{""price"": 69.99, ""qty"": 1}"
EVT-000359,CUST-1071,SESS-1071-1,checkout_started,PROD-019,/checkout,2026-09-17 08:01:20,45,"{""step"": ""payment""}"
EVT-000360,CUST-1071,SESS-1071-1,payment_success,PROD-019,/checkout/confirmation,2026-09-17 08:01:56,24,"{""payment_id"": ""PAY-5051"", ""amount"": 69.99}"
EVT-000361,CUST-1071,SESS-1071-1,order_placed,PROD-019,/order/ORD-2049,2026-09-17 08:02:06,60,"{""order_id"": ""ORD-2049"", ""amount"": 69.99}"
EVT-000362,CUST-1071,SESS-1071-REV,feedback_submitted,PROD-019,/product/PROD-019/review,2026-09-24 06:02:06,45,"{""rating"": 5, ""feedback_id"": ""FDB-4012""}"
EVT-000363,CUST-1072,SESS-1072-1,product_view,PROD-008,/product/PROD-008,2026-09-02 18:00:00,120,"{""category"": ""Electronics""}"
EVT-000364,CUST-1072,SESS-1072-1,add_to_cart,PROD-008,/cart,2026-09-02 18:00:44,34,"{""price"": 34.99, ""qty"": 1}"
EVT-000365,CUST-1072,SESS-1072-1,checkout_started,PROD-008,/checkout,2026-09-02 18:01:25,46,"{""step"": ""payment""}"
EVT-000366,CUST-1072,SESS-1072-1,payment_success,PROD-008,/checkout/confirmation,2026-09-02 18:02:04,25,"{""payment_id"": ""PAY-5052"", ""amount"": 34.99}"
EVT-000367,CUST-1072,SESS-1072-1,order_placed,PROD-008,/order/ORD-2050,2026-09-02 18:02:14,41,"{""order_id"": ""ORD-2050"", ""amount"": 34.99}"
EVT-000368,CUST-1073,SESS-1073-1,product_view,PROD-002,/product/PROD-002,2026-09-19 13:00:00,110,"{""category"": ""Electronics""}"
EVT-000369,CUST-1073,SESS-1073-1,add_to_cart,PROD-002,/cart,2026-09-19 13:01:21,30,"{""price"": 199.99, ""qty"": 1}"
EVT-000370,CUST-1073,SESS-1073-1,checkout_started,PROD-002,/checkout,2026-09-19 13:01:53,102,"{""step"": ""shipping""}"
EVT-000371,CUST-1074,SESS-1074-1,product_view,PROD-010,/product/PROD-010,2026-08-07 16:00:00,62,"{""category"": ""Apparel""}"
EVT-000372,CUST-1074,SESS-1074-1,add_to_cart,PROD-010,/cart,2026-08-07 16:01:26,47,"{""price"": 54.0, ""qty"": 1}"
EVT-000373,CUST-1074,SESS-1074-1,checkout_started,PROD-010,/checkout,2026-08-07 16:02:17,137,"{""step"": ""shipping""}"
EVT-000374,CUST-1075,SESS-1075-1,product_view,PROD-022,/product/PROD-022,2026-08-10 13:00:00,48,"{""category"": ""Home & Kitchen""}"
EVT-000375,CUST-1075,SESS-1075-1,add_to_cart,PROD-022,/cart,2026-08-10 13:00:59,31,"{""price"": 38.0, ""qty"": 1}"
EVT-000376,CUST-1075,SESS-1075-1,checkout_started,PROD-022,/checkout,2026-08-10 13:01:33,60,"{""step"": ""payment""}"
EVT-000377,CUST-1075,SESS-1075-1,payment_success,PROD-022,/checkout/confirmation,2026-08-10 13:02:13,32,"{""payment_id"": ""PAY-5053"", ""amount"": 38.0}"
EVT-000378,CUST-1075,SESS-1075-1,order_placed,PROD-022,/order/ORD-2051,2026-08-10 13:02:23,34,"{""order_id"": ""ORD-2051"", ""amount"": 38.0}"
EVT-000379,CUST-1076,SESS-1076-1,product_view,PROD-011,/product/PROD-011,2026-08-20 16:00:00,46,"{""category"": ""Electronics""}"
EVT-000380,CUST-1076,SESS-1076-1,add_to_cart,PROD-011,/cart,2026-08-20 16:00:51,42,"{""price"": 39.99, ""qty"": 1}"
EVT-000381,CUST-1076,SESS-1076-1,checkout_started,PROD-011,/checkout,2026-08-20 16:01:32,32,"{""step"": ""payment""}"
EVT-000382,CUST-1076,SESS-1076-1,payment_success,PROD-011,/checkout/confirmation,2026-08-20 16:02:12,33,"{""payment_id"": ""PAY-5054"", ""amount"": 39.99}"
EVT-000383,CUST-1076,SESS-1076-1,order_placed,PROD-011,/order/ORD-2052,2026-08-20 16:02:22,46,"{""order_id"": ""ORD-2052"", ""amount"": 39.99}"
EVT-000384,CUST-1077,SESS-1077-1,product_view,PROD-025,/product/PROD-025,2026-08-12 11:00:00,92,"{""category"": ""Travel""}"
EVT-000385,CUST-1077,SESS-1077-1,add_to_cart,PROD-025,/cart,2026-08-12 11:00:36,27,"{""price"": 26.99, ""qty"": 1}"
EVT-000386,CUST-1077,SESS-1077-1,checkout_started,PROD-025,/checkout,2026-08-12 11:01:05,34,"{""step"": ""payment""}"
EVT-000387,CUST-1077,SESS-1077-1,payment_success,PROD-025,/checkout/confirmation,2026-08-12 11:01:27,29,"{""payment_id"": ""PAY-5055"", ""amount"": 26.99}"
EVT-000388,CUST-1077,SESS-1077-1,order_placed,PROD-025,/order/ORD-2053,2026-08-12 11:01:37,57,"{""order_id"": ""ORD-2053"", ""amount"": 26.99}"
EVT-000389,CUST-1078,SESS-1078-1,product_view,PROD-011,/product/PROD-011,2026-09-17 16:00:00,109,"{""category"": ""Electronics""}"
EVT-000390,CUST-1078,SESS-1078-1,add_to_cart,PROD-011,/cart,2026-09-17 16:00:34,39,"{""price"": 39.99, ""qty"": 1}"
EVT-000391,CUST-1078,SESS-1078-1,checkout_started,PROD-011,/checkout,2026-09-17 16:01:11,34,"{""step"": ""payment""}"
EVT-000392,CUST-1078,SESS-1078-1,payment_success,PROD-011,/checkout/confirmation,2026-09-17 16:01:36,25,"{""payment_id"": ""PAY-5056"", ""amount"": 39.99}"
EVT-000393,CUST-1078,SESS-1078-1,order_placed,PROD-011,/order/ORD-2054,2026-09-17 16:01:46,56,"{""order_id"": ""ORD-2054"", ""amount"": 39.99}"
EVT-000394,CUST-1079,SESS-1079-1,product_view,PROD-012,/product/PROD-012,2026-09-16 15:00:00,116,"{""category"": ""Home & Kitchen""}"
EVT-000395,CUST-1079,SESS-1079-1,add_to_cart,PROD-012,/cart,2026-09-16 15:00:53,27,"{""price"": 32.5, ""qty"": 1}"
EVT-000396,CUST-1079,SESS-1079-1,checkout_started,PROD-012,/checkout,2026-09-16 15:01:32,49,"{""step"": ""payment""}"
EVT-000397,CUST-1079,SESS-1079-1,payment_success,PROD-012,/checkout/confirmation,2026-09-16 15:02:01,34,"{""payment_id"": ""PAY-5057"", ""amount"": 32.5}"
EVT-000398,CUST-1079,SESS-1079-1,order_placed,PROD-012,/order/ORD-2055,2026-09-16 15:02:11,37,"{""order_id"": ""ORD-2055"", ""amount"": 32.5}"
EVT-000399,CUST-1079,SESS-1079-REV,feedback_submitted,PROD-012,/product/PROD-012/review,2026-09-21 05:02:11,63,"{""rating"": 4, ""feedback_id"": ""FDB-4013""}"
EVT-000400,CUST-1080,SESS-1080-1,product_view,PROD-015,/product/PROD-015,2026-09-13 17:00:00,66,"{""category"": ""Electronics""}"
EVT-000401,CUST-1080,SESS-1080-1,add_to_cart,PROD-015,/cart,2026-09-13 17:00:54,32,"{""price"": 42.99, ""qty"": 1}"
EVT-000402,CUST-1080,SESS-1080-1,checkout_started,PROD-015,/checkout,2026-09-13 17:01:35,46,"{""step"": ""payment""}"
EVT-000403,CUST-1080,SESS-1080-1,payment_success,PROD-015,/checkout/confirmation,2026-09-13 17:02:08,25,"{""payment_id"": ""PAY-5058"", ""amount"": 42.99}"
EVT-000404,CUST-1080,SESS-1080-1,order_placed,PROD-015,/order/ORD-2056,2026-09-13 17:02:18,56,"{""order_id"": ""ORD-2056"", ""amount"": 42.99}"
EVT-000405,CUST-1081,SESS-1081-1,product_view,PROD-012,/product/PROD-012,2026-08-17 08:00:00,100,"{""category"": ""Home & Kitchen""}"
EVT-000406,CUST-1081,SESS-1081-1,add_to_cart,PROD-012,/cart,2026-08-17 08:00:46,42,"{""price"": 32.5, ""qty"": 1}"
EVT-000407,CUST-1081,SESS-1081-1,checkout_started,PROD-012,/checkout,2026-08-17 08:01:43,126,"{""step"": ""shipping""}"
EVT-000408,CUST-1082,SESS-1082-1,product_view,PROD-006,/product/PROD-006,2026-08-08 12:00:00,64,"{""category"": ""Home & Kitchen""}"
EVT-000409,CUST-1082,SESS-1082-1,add_to_cart,PROD-006,/cart,2026-08-08 12:00:44,36,"{""price"": 24.99, ""qty"": 1}"
EVT-000410,CUST-1082,SESS-1082-1,checkout_started,PROD-006,/checkout,2026-08-08 12:01:13,56,"{""step"": ""payment""}"
EVT-000411,CUST-1082,SESS-1082-1,payment_success,PROD-006,/checkout/confirmation,2026-08-08 12:01:46,22,"{""payment_id"": ""PAY-5059"", ""amount"": 24.99}"
EVT-000412,CUST-1082,SESS-1082-1,order_placed,PROD-006,/order/ORD-2057,2026-08-08 12:01:56,60,"{""order_id"": ""ORD-2057"", ""amount"": 24.99}"
EVT-000413,CUST-1083,SESS-1083-1,product_view,PROD-013,/product/PROD-013,2026-08-23 08:00:00,94,"{""category"": ""Apparel""}"
EVT-000414,CUST-1083,SESS-1083-1,add_to_cart,PROD-013,/cart,2026-08-23 08:00:41,27,"{""price"": 145.0, ""qty"": 1}"
EVT-000415,CUST-1083,SESS-1083-1,checkout_started,PROD-013,/checkout,2026-08-23 08:01:18,32,"{""step"": ""payment""}"
EVT-000416,CUST-1083,SESS-1083-1,payment_success,PROD-013,/checkout/confirmation,2026-08-23 08:01:49,27,"{""payment_id"": ""PAY-5060"", ""amount"": 145.0}"
EVT-000417,CUST-1083,SESS-1083-1,order_placed,PROD-013,/order/ORD-2058,2026-08-23 08:01:59,30,"{""order_id"": ""ORD-2058"", ""amount"": 145.0}"
EVT-000418,CUST-1084,SESS-1084-1,product_view,PROD-005,/product/PROD-005,2026-09-11 13:00:00,34,"{""category"": ""Bags & Luggage""}"
EVT-000419,CUST-1084,SESS-1084-1,product_view,PROD-016,/product/PROD-016,2026-09-11 13:02:00,50,"{""category"": ""Bags & Luggage""}"
EVT-000420,CUST-1084,SESS-1084-1,product_view,PROD-015,/product/PROD-015,2026-09-11 13:03:00,25,"{""category"": ""Bags & Luggage""}"
EVT-000421,CUST-1084,SESS-1084-1,product_view,PROD-001,/product/PROD-001,2026-09-11 13:06:00,33,"{""category"": ""Bags & Luggage""}"
EVT-000422,CUST-1084,SESS-1084-1,product_view,PROD-005,/product/PROD-005,2026-09-11 13:10:00,27,"{""category"": ""Bags & Luggage""}"
EVT-000423,CUST-1085,SESS-1085-1,product_view,PROD-004,/product/PROD-004,2026-09-19 12:00:00,36,"{""category"": ""Wearables""}"
EVT-000424,CUST-1085,SESS-1085-1,add_to_cart,PROD-004,/cart,2026-09-19 12:00:37,33,"{""price"": 49.99, ""qty"": 1}"
EVT-000425,CUST-1085,SESS-1085-1,checkout_started,PROD-004,/checkout,2026-09-19 12:01:22,55,"{""step"": ""payment""}"
EVT-000426,CUST-1085,SESS-1085-1,payment_success,PROD-004,/checkout/confirmation,2026-09-19 12:02:01,34,"{""payment_id"": ""PAY-5061"", ""amount"": 49.99}"
EVT-000427,CUST-1085,SESS-1085-1,order_placed,PROD-004,/order/ORD-2059,2026-09-19 12:02:11,32,"{""order_id"": ""ORD-2059"", ""amount"": 49.99}"
EVT-000428,CUST-1086,SESS-1086-1,product_view,PROD-017,/product/PROD-017,2026-09-08 16:00:00,103,"{""category"": ""Health & Personal Care""}"
EVT-000429,CUST-1086,SESS-1086-1,add_to_cart,PROD-017,/cart,2026-09-08 16:00:37,42,"{""price"": 59.99, ""qty"": 1}"
EVT-000430,CUST-1086,SESS-1086-1,checkout_started,PROD-017,/checkout,2026-09-08 16:01:06,39,"{""step"": ""payment""}"
EVT-000431,CUST-1086,SESS-1086-1,payment_success,PROD-017,/checkout/confirmation,2026-09-08 16:01:39,20,"{""payment_id"": ""PAY-5062"", ""amount"": 59.99}"
EVT-000432,CUST-1086,SESS-1086-1,order_placed,PROD-017,/order/ORD-2060,2026-09-08 16:01:49,49,"{""order_id"": ""ORD-2060"", ""amount"": 59.99}"
EVT-000433,CUST-1087,SESS-1087-1,product_view,PROD-017,/product/PROD-017,2026-08-12 18:00:00,76,"{""category"": ""Health & Personal Care""}"
EVT-000434,CUST-1087,SESS-1087-1,add_to_cart,PROD-017,/cart,2026-08-12 18:00:44,50,"{""price"": 59.99, ""qty"": 1}"
EVT-000435,CUST-1087,SESS-1087-1,checkout_started,PROD-017,/checkout,2026-08-12 18:01:30,129,"{""step"": ""shipping""}"
EVT-000436,CUST-1088,SESS-1088-1,product_view,PROD-018,/product/PROD-018,2026-09-02 20:00:00,32,"{""category"": ""Home Appliances""}"
EVT-000437,CUST-1088,SESS-1088-1,add_to_cart,PROD-018,/cart,2026-09-02 20:00:42,35,"{""price"": 189.0, ""qty"": 1}"
EVT-000438,CUST-1088,SESS-1088-1,checkout_started,PROD-018,/checkout,2026-09-02 20:01:08,50,"{""step"": ""payment""}"
EVT-000439,CUST-1088,SESS-1088-1,payment_success,PROD-018,/checkout/confirmation,2026-09-02 20:01:40,31,"{""payment_id"": ""PAY-5063"", ""amount"": 189.0}"
EVT-000440,CUST-1088,SESS-1088-1,order_placed,PROD-018,/order/ORD-2061,2026-09-02 20:01:50,38,"{""order_id"": ""ORD-2061"", ""amount"": 189.0}"
EVT-000441,CUST-1089,SESS-1089-1,product_view,PROD-021,/product/PROD-021,2026-08-23 11:00:00,43,"{""category"": ""Electronics""}"
EVT-000442,CUST-1089,SESS-1089-1,add_to_cart,PROD-021,/cart,2026-08-23 11:01:29,38,"{""price"": 49.99, ""qty"": 1}"
EVT-000443,CUST-1089,SESS-1089-1,checkout_started,PROD-021,/checkout,2026-08-23 11:02:22,102,"{""step"": ""shipping""}"
EVT-000444,CUST-1090,SESS-1090-1,product_view,PROD-011,/product/PROD-011,2026-08-09 08:00:00,112,"{""category"": ""Electronics""}"
EVT-000445,CUST-1090,SESS-1090-1,add_to_cart,PROD-011,/cart,2026-08-09 08:00:35,44,"{""price"": 39.99, ""qty"": 1}"
EVT-000446,CUST-1090,SESS-1090-1,checkout_started,PROD-011,/checkout,2026-08-09 08:01:14,52,"{""step"": ""payment""}"
EVT-000447,CUST-1090,SESS-1090-1,payment_success,PROD-011,/checkout/confirmation,2026-08-09 08:01:49,40,"{""payment_id"": ""PAY-5064"", ""amount"": 39.99}"
EVT-000448,CUST-1090,SESS-1090-1,order_placed,PROD-011,/order/ORD-2062,2026-08-09 08:01:59,35,"{""order_id"": ""ORD-2062"", ""amount"": 39.99}"
EVT-000449,CUST-1091,SESS-1091-1,product_view,PROD-002,/product/PROD-002,2026-08-30 08:00:00,55,"{""category"": ""Electronics""}"
EVT-000450,CUST-1091,SESS-1091-1,add_to_cart,PROD-002,/cart,2026-08-30 08:00:58,21,"{""price"": 199.99, ""qty"": 1}"
EVT-000451,CUST-1091,SESS-1091-1,checkout_started,PROD-002,/checkout,2026-08-30 08:01:33,59,"{""step"": ""payment""}"
EVT-000452,CUST-1091,SESS-1091-1,payment_success,PROD-002,/checkout/confirmation,2026-08-30 08:02:02,36,"{""payment_id"": ""PAY-5065"", ""amount"": 199.99}"
EVT-000453,CUST-1091,SESS-1091-1,order_placed,PROD-002,/order/ORD-2063,2026-08-30 08:02:12,42,"{""order_id"": ""ORD-2063"", ""amount"": 199.99}"
EVT-000454,CUST-1091,SESS-1091-REV,feedback_submitted,PROD-002,/product/PROD-002/review,2026-09-04 22:02:12,62,"{""rating"": 5, ""feedback_id"": ""FDB-4014""}"
EVT-000455,CUST-1092,SESS-1092-1,product_view,PROD-011,/product/PROD-011,2026-09-19 08:00:00,64,"{""category"": ""Electronics""}"
EVT-000456,CUST-1092,SESS-1092-1,add_to_cart,PROD-011,/cart,2026-09-19 08:00:33,45,"{""price"": 39.99, ""qty"": 1}"
EVT-000457,CUST-1092,SESS-1092-1,checkout_started,PROD-011,/checkout,2026-09-19 08:01:09,43,"{""order_id"": ""ORD-2064""}"
EVT-000458,CUST-1092,SESS-1092-1,payment_failed,PROD-011,/checkout/payment,2026-09-19 08:01:29,65,"{""error_code"": ""OTP_EXPIRED"", ""msg"": ""OTP verification timed out""}"
EVT-000459,CUST-1093,SESS-1093-1,product_view,PROD-006,/product/PROD-006,2026-08-29 14:00:00,93,"{""category"": ""Home & Kitchen""}"
EVT-000460,CUST-1093,SESS-1093-1,add_to_cart,PROD-006,/cart,2026-08-29 14:00:52,35,"{""price"": 24.99, ""qty"": 1}"
EVT-000461,CUST-1093,SESS-1093-1,checkout_started,PROD-006,/checkout,2026-08-29 14:01:28,59,"{""step"": ""payment""}"
EVT-000462,CUST-1093,SESS-1093-1,payment_success,PROD-006,/checkout/confirmation,2026-08-29 14:02:04,28,"{""payment_id"": ""PAY-5067"", ""amount"": 24.99}"
EVT-000463,CUST-1093,SESS-1093-1,order_placed,PROD-006,/order/ORD-2065,2026-08-29 14:02:14,55,"{""order_id"": ""ORD-2065"", ""amount"": 24.99}"
EVT-000464,CUST-1094,SESS-1094-1,product_view,PROD-006,/product/PROD-006,2026-08-28 17:00:00,99,"{""category"": ""Home & Kitchen""}"
EVT-000465,CUST-1094,SESS-1094-1,add_to_cart,PROD-006,/cart,2026-08-28 17:00:39,30,"{""price"": 24.99, ""qty"": 1}"
EVT-000466,CUST-1094,SESS-1094-1,checkout_started,PROD-006,/checkout,2026-08-28 17:01:07,32,"{""step"": ""payment""}"
EVT-000467,CUST-1094,SESS-1094-1,payment_success,PROD-006,/checkout/confirmation,2026-08-28 17:01:37,29,"{""payment_id"": ""PAY-5068"", ""amount"": 24.99}"
EVT-000468,CUST-1094,SESS-1094-1,order_placed,PROD-006,/order/ORD-2066,2026-08-28 17:01:47,39,"{""order_id"": ""ORD-2066"", ""amount"": 24.99}"
EVT-000469,CUST-1095,SESS-1095-1,product_view,PROD-015,/product/PROD-015,2026-08-11 19:00:00,35,"{""category"": ""Electronics""}"
EVT-000470,CUST-1095,SESS-1095-1,add_to_cart,PROD-015,/cart,2026-08-11 19:00:53,31,"{""price"": 42.99, ""qty"": 1}"
EVT-000471,CUST-1095,SESS-1095-1,checkout_started,PROD-015,/checkout,2026-08-11 19:01:37,43,"{""step"": ""payment""}"
EVT-000472,CUST-1095,SESS-1095-1,payment_success,PROD-015,/checkout/confirmation,2026-08-11 19:02:05,40,"{""payment_id"": ""PAY-5069"", ""amount"": 42.99}"
EVT-000473,CUST-1095,SESS-1095-1,order_placed,PROD-015,/order/ORD-2067,2026-08-11 19:02:15,55,"{""order_id"": ""ORD-2067"", ""amount"": 42.99}"
EVT-000474,CUST-1096,SESS-1096-1,product_view,PROD-024,/product/PROD-024,2026-08-26 13:00:00,116,"{""category"": ""Home & Living""}"
EVT-000475,CUST-1096,SESS-1096-1,add_to_cart,PROD-024,/cart,2026-08-26 13:00:35,20,"{""price"": 27.5, ""qty"": 1}"
EVT-000476,CUST-1096,SESS-1096-1,checkout_started,PROD-024,/checkout,2026-08-26 13:01:04,57,"{""step"": ""payment""}"
EVT-000477,CUST-1096,SESS-1096-1,payment_success,PROD-024,/checkout/confirmation,2026-08-26 13:01:43,34,"{""payment_id"": ""PAY-5070"", ""amount"": 27.5}"
EVT-000478,CUST-1096,SESS-1096-1,order_placed,PROD-024,/order/ORD-2068,2026-08-26 13:01:53,31,"{""order_id"": ""ORD-2068"", ""amount"": 27.5}"
EVT-000479,CUST-1096,SESS-1096-REV,feedback_submitted,PROD-024,/product/PROD-024/review,2026-09-01 09:01:53,64,"{""rating"": 5, ""feedback_id"": ""FDB-4015""}"
EVT-000480,CUST-1097,SESS-1097-1,product_view,PROD-022,/product/PROD-022,2026-09-06 08:00:00,87,"{""category"": ""Home & Kitchen""}"
EVT-000481,CUST-1097,SESS-1097-1,add_to_cart,PROD-022,/cart,2026-09-06 08:01:03,31,"{""price"": 38.0, ""qty"": 1}"
EVT-000482,CUST-1097,SESS-1097-1,checkout_started,PROD-022,/checkout,2026-09-06 08:01:47,69,"{""step"": ""shipping""}"
EVT-000483,CUST-1098,SESS-1098-1,product_view,PROD-013,/product/PROD-013,2026-09-06 10:00:00,70,"{""category"": ""Apparel""}"
EVT-000484,CUST-1098,SESS-1098-1,add_to_cart,PROD-013,/cart,2026-09-06 10:00:50,28,"{""price"": 145.0, ""qty"": 1}"
EVT-000485,CUST-1098,SESS-1098-1,checkout_started,PROD-013,/checkout,2026-09-06 10:01:22,60,"{""step"": ""payment""}"
EVT-000486,CUST-1098,SESS-1098-1,payment_success,PROD-013,/checkout/confirmation,2026-09-06 10:01:45,20,"{""payment_id"": ""PAY-5071"", ""amount"": 145.0}"
EVT-000487,CUST-1098,SESS-1098-1,order_placed,PROD-013,/order/ORD-2069,2026-09-06 10:01:55,53,"{""order_id"": ""ORD-2069"", ""amount"": 145.0}"
EVT-000488,CUST-1099,SESS-1099-1,product_view,PROD-009,/product/PROD-009,2026-09-05 09:00:00,120,"{""category"": ""Electronics""}"
EVT-000489,CUST-1099,SESS-1099-1,add_to_cart,PROD-009,/cart,2026-09-05 09:00:44,26,"{""price"": 79.99, ""qty"": 1}"
EVT-000490,CUST-1099,SESS-1099-1,checkout_started,PROD-009,/checkout,2026-09-05 09:01:28,39,"{""step"": ""payment""}"
EVT-000491,CUST-1099,SESS-1099-1,payment_success,PROD-009,/checkout/confirmation,2026-09-05 09:02:03,26,"{""payment_id"": ""PAY-5072"", ""amount"": 79.99}"
EVT-000492,CUST-1099,SESS-1099-1,order_placed,PROD-009,/order/ORD-2070,2026-09-05 09:02:13,33,"{""order_id"": ""ORD-2070"", ""amount"": 79.99}"
EVT-000493,CUST-1099,SESS-1099-REV,feedback_submitted,PROD-009,/product/PROD-009/review,2026-09-12 05:02:13,68,"{""rating"": 5, ""feedback_id"": ""FDB-4016""}"
EVT-000494,CUST-1100,SESS-1100-1,product_view,PROD-011,/product/PROD-011,2026-08-06 20:00:00,115,"{""category"": ""Electronics""}"
EVT-000495,CUST-1100,SESS-1100-1,add_to_cart,PROD-011,/cart,2026-08-06 20:01:02,42,"{""price"": 39.99, ""qty"": 1}"
EVT-000496,CUST-1100,SESS-1100-1,checkout_started,PROD-011,/checkout,2026-08-06 20:01:34,130,"{""step"": ""shipping""}"
EVT-000497,CUST-1101,SESS-1101-1,product_view,PROD-006,/product/PROD-006,2026-09-04 12:00:00,120,"{""category"": ""Home & Kitchen""}"
EVT-000498,CUST-1101,SESS-1101-1,add_to_cart,PROD-006,/cart,2026-09-04 12:00:59,42,"{""price"": 24.99, ""qty"": 1}"
EVT-000499,CUST-1101,SESS-1101-1,checkout_started,PROD-006,/checkout,2026-09-04 12:01:44,35,"{""order_id"": ""ORD-2071""}"
EVT-000500,CUST-1101,SESS-1101-1,payment_failed,PROD-006,/checkout/payment,2026-09-04 12:02:04,90,"{""error_code"": ""OTP_EXPIRED"", ""msg"": ""OTP verification timed out""}"
EVT-000501,CUST-1102,SESS-1102-1,product_view,PROD-007,/product/PROD-007,2026-09-02 11:00:00,47,"{""category"": ""Wearables""}"
EVT-000502,CUST-1102,SESS-1102-1,add_to_cart,PROD-007,/cart,2026-09-02 11:00:37,45,"{""price"": 299.99, ""qty"": 1}"
EVT-000503,CUST-1102,SESS-1102-1,checkout_started,PROD-007,/checkout,2026-09-02 11:01:17,30,"{""step"": ""payment""}"
EVT-000504,CUST-1102,SESS-1102-1,payment_success,PROD-007,/checkout/confirmation,2026-09-02 11:01:48,37,"{""payment_id"": ""PAY-5074"", ""amount"": 299.99}"
EVT-000505,CUST-1102,SESS-1102-1,order_placed,PROD-007,/order/ORD-2072,2026-09-02 11:01:58,48,"{""order_id"": ""ORD-2072"", ""amount"": 299.99}"
EVT-000506,CUST-1103,SESS-1103-1,product_view,PROD-003,/product/PROD-003,2026-09-05 10:00:00,38,"{""category"": ""Furniture""}"
EVT-000507,CUST-1103,SESS-1103-1,add_to_cart,PROD-003,/cart,2026-09-05 10:00:59,32,"{""price"": 249.5, ""qty"": 1}"
EVT-000508,CUST-1103,SESS-1103-1,checkout_started,PROD-003,/checkout,2026-09-05 10:01:51,121,"{""step"": ""shipping""}"
EVT-000509,CUST-1104,SESS-1104-1,product_view,PROD-019,/product/PROD-019,2026-09-03 14:00:00,39,"{""category"": ""Electronics""}"
EVT-000510,CUST-1104,SESS-1104-1,product_view,PROD-011,/product/PROD-011,2026-09-03 14:01:00,48,"{""category"": ""Electronics""}"
EVT-000511,CUST-1104,SESS-1104-1,product_view,PROD-015,/product/PROD-015,2026-09-03 14:04:00,28,"{""category"": ""Electronics""}"
EVT-000512,CUST-1104,SESS-1104-1,product_view,PROD-025,/product/PROD-025,2026-09-03 14:06:00,28,"{""category"": ""Electronics""}"
EVT-000513,CUST-1105,SESS-1105-1,product_view,PROD-002,/product/PROD-002,2026-08-28 16:00:00,45,"{""category"": ""Electronics""}"
EVT-000514,CUST-1105,SESS-1105-1,add_to_cart,PROD-002,/cart,2026-08-28 16:00:46,24,"{""price"": 199.99, ""qty"": 1}"
EVT-000515,CUST-1105,SESS-1105-1,checkout_started,PROD-002,/checkout,2026-08-28 16:01:20,35,"{""order_id"": ""ORD-2073""}"
EVT-000516,CUST-1105,SESS-1105-1,payment_failed,PROD-002,/checkout/payment,2026-08-28 16:01:40,50,"{""error_code"": ""OTP_EXPIRED"", ""msg"": ""OTP verification timed out""}"
EVT-000517,CUST-1106,SESS-1106-1,product_view,PROD-017,/product/PROD-017,2026-09-15 11:00:00,66,"{""category"": ""Health & Personal Care""}"
EVT-000518,CUST-1106,SESS-1106-1,add_to_cart,PROD-017,/cart,2026-09-15 11:00:57,22,"{""price"": 59.99, ""qty"": 1}"
EVT-000519,CUST-1106,SESS-1106-1,checkout_started,PROD-017,/checkout,2026-09-15 11:01:30,36,"{""step"": ""payment""}"
EVT-000520,CUST-1106,SESS-1106-1,payment_success,PROD-017,/checkout/confirmation,2026-09-15 11:02:10,37,"{""payment_id"": ""PAY-5076"", ""amount"": 59.99}"
EVT-000521,CUST-1106,SESS-1106-1,order_placed,PROD-017,/order/ORD-2074,2026-09-15 11:02:20,38,"{""order_id"": ""ORD-2074"", ""amount"": 59.99}"
EVT-000522,CUST-1106,SESS-1106-REV,feedback_submitted,PROD-017,/product/PROD-017/review,2026-09-20 07:02:20,72,"{""rating"": 3, ""feedback_id"": ""FDB-4017""}"
EVT-000523,CUST-1107,SESS-1107-1,product_view,PROD-019,/product/PROD-019,2026-09-11 10:00:00,49,"{""category"": ""Electronics""}"
EVT-000524,CUST-1107,SESS-1107-1,add_to_cart,PROD-019,/cart,2026-09-11 10:00:50,41,"{""price"": 69.99, ""qty"": 1}"
EVT-000525,CUST-1107,SESS-1107-1,checkout_started,PROD-019,/checkout,2026-09-11 10:01:39,137,"{""step"": ""shipping""}"
EVT-000526,CUST-1108,SESS-1108-1,product_view,PROD-001,/product/PROD-001,2026-08-22 17:00:00,40,"{""category"": ""Electronics""}"
EVT-000527,CUST-1108,SESS-1108-1,add_to_cart,PROD-001,/cart,2026-08-22 17:00:31,40,"{""price"": 89.99, ""qty"": 1}"
EVT-000528,CUST-1108,SESS-1108-1,checkout_started,PROD-001,/checkout,2026-08-22 17:01:14,38,"{""step"": ""payment""}"
EVT-000529,CUST-1108,SESS-1108-1,payment_success,PROD-001,/checkout/confirmation,2026-08-22 17:01:54,26,"{""payment_id"": ""PAY-5077"", ""amount"": 89.99}"
EVT-000530,CUST-1108,SESS-1108-1,order_placed,PROD-001,/order/ORD-2075,2026-08-22 17:02:04,54,"{""order_id"": ""ORD-2075"", ""amount"": 89.99}"
EVT-000531,CUST-1109,SESS-1109-1,product_view,PROD-018,/product/PROD-018,2026-08-02 15:00:00,67,"{""category"": ""Home Appliances""}"
EVT-000532,CUST-1109,SESS-1109-1,add_to_cart,PROD-018,/cart,2026-08-02 15:00:50,29,"{""price"": 189.0, ""qty"": 1}"
EVT-000533,CUST-1109,SESS-1109-1,checkout_started,PROD-018,/checkout,2026-08-02 15:01:30,37,"{""order_id"": ""ORD-2076""}"
EVT-000534,CUST-1109,SESS-1109-1,payment_failed,PROD-018,/checkout/payment,2026-08-02 15:01:50,83,"{""error_code"": ""OTP_EXPIRED"", ""msg"": ""OTP verification timed out""}"
EVT-000535,CUST-1110,SESS-1110-1,product_view,PROD-002,/product/PROD-002,2026-08-20 15:00:00,50,"{""category"": ""Electronics""}"
EVT-000536,CUST-1110,SESS-1110-1,add_to_cart,PROD-002,/cart,2026-08-20 15:00:44,33,"{""price"": 199.99, ""qty"": 1}"
EVT-000537,CUST-1110,SESS-1110-1,checkout_started,PROD-002,/checkout,2026-08-20 15:01:24,44,"{""step"": ""payment""}"
EVT-000538,CUST-1110,SESS-1110-1,payment_success,PROD-002,/checkout/confirmation,2026-08-20 15:01:50,30,"{""payment_id"": ""PAY-5079"", ""amount"": 199.99}"
EVT-000539,CUST-1110,SESS-1110-1,order_placed,PROD-002,/order/ORD-2077,2026-08-20 15:02:00,49,"{""order_id"": ""ORD-2077"", ""amount"": 199.99}"
EVT-000540,CUST-1111,SESS-1111-1,product_view,PROD-012,/product/PROD-012,2026-08-21 19:00:00,81,"{""category"": ""Home & Kitchen""}"
EVT-000541,CUST-1111,SESS-1111-1,add_to_cart,PROD-012,/cart,2026-08-21 19:00:34,44,"{""price"": 32.5, ""qty"": 1}"
EVT-000542,CUST-1111,SESS-1111-1,checkout_started,PROD-012,/checkout,2026-08-21 19:01:10,46,"{""step"": ""payment""}"
EVT-000543,CUST-1111,SESS-1111-1,payment_success,PROD-012,/checkout/confirmation,2026-08-21 19:01:47,23,"{""payment_id"": ""PAY-5080"", ""amount"": 32.5}"
EVT-000544,CUST-1111,SESS-1111-1,order_placed,PROD-012,/order/ORD-2078,2026-08-21 19:01:57,40,"{""order_id"": ""ORD-2078"", ""amount"": 32.5}"
EVT-000545,CUST-1111,SESS-1111-REV,feedback_submitted,PROD-012,/product/PROD-012/review,2026-08-26 14:01:57,49,"{""rating"": 4, ""feedback_id"": ""FDB-4018""}"
EVT-000546,CUST-1112,SESS-1112-1,product_view,PROD-013,/product/PROD-013,2026-08-07 08:00:00,108,"{""category"": ""Apparel""}"
EVT-000547,CUST-1112,SESS-1112-1,add_to_cart,PROD-013,/cart,2026-08-07 08:00:43,27,"{""price"": 145.0, ""qty"": 1}"
EVT-000548,CUST-1112,SESS-1112-1,checkout_started,PROD-013,/checkout,2026-08-07 08:01:13,56,"{""step"": ""payment""}"
EVT-000549,CUST-1112,SESS-1112-1,payment_success,PROD-013,/checkout/confirmation,2026-08-07 08:01:43,38,"{""payment_id"": ""PAY-5081"", ""amount"": 145.0}"
EVT-000550,CUST-1112,SESS-1112-1,order_placed,PROD-013,/order/ORD-2079,2026-08-07 08:01:53,53,"{""order_id"": ""ORD-2079"", ""amount"": 145.0}"
EVT-000551,CUST-1113,SESS-1113-1,product_view,PROD-010,/product/PROD-010,2026-09-01 16:00:00,93,"{""category"": ""Apparel""}"
EVT-000552,CUST-1113,SESS-1113-1,add_to_cart,PROD-010,/cart,2026-09-01 16:00:30,22,"{""price"": 54.0, ""qty"": 1}"
EVT-000553,CUST-1113,SESS-1113-1,checkout_started,PROD-010,/checkout,2026-09-01 16:01:07,46,"{""step"": ""payment""}"
EVT-000554,CUST-1113,SESS-1113-1,payment_success,PROD-010,/checkout/confirmation,2026-09-01 16:01:41,27,"{""payment_id"": ""PAY-5082"", ""amount"": 54.0}"
EVT-000555,CUST-1113,SESS-1113-1,order_placed,PROD-010,/order/ORD-2080,2026-09-01 16:01:51,36,"{""order_id"": ""ORD-2080"", ""amount"": 54.0}"
EVT-000556,CUST-1113,SESS-1113-REV,feedback_submitted,PROD-010,/product/PROD-010/review,2026-09-07 05:01:51,78,"{""rating"": 5, ""feedback_id"": ""FDB-4019""}"
EVT-000557,CUST-1114,SESS-1114-1,product_view,PROD-018,/product/PROD-018,2026-09-11 18:00:00,31,"{""category"": ""Home Appliances""}"
EVT-000558,CUST-1114,SESS-1114-1,add_to_cart,PROD-018,/cart,2026-09-11 18:00:57,23,"{""price"": 189.0, ""qty"": 1}"
EVT-000559,CUST-1114,SESS-1114-1,checkout_started,PROD-018,/checkout,2026-09-11 18:01:35,34,"{""step"": ""payment""}"
EVT-000560,CUST-1114,SESS-1114-1,payment_success,PROD-018,/checkout/confirmation,2026-09-11 18:02:03,31,"{""payment_id"": ""PAY-5083"", ""amount"": 189.0}"
EVT-000561,CUST-1114,SESS-1114-1,order_placed,PROD-018,/order/ORD-2081,2026-09-11 18:02:13,54,"{""order_id"": ""ORD-2081"", ""amount"": 189.0}"
EVT-000562,CUST-1114,SESS-1114-REV,feedback_submitted,PROD-018,/product/PROD-018/review,2026-09-18 10:02:13,75,"{""rating"": 4, ""feedback_id"": ""FDB-4020""}"
EVT-000563,CUST-1115,SESS-1115-1,product_view,PROD-003,/product/PROD-003,2026-08-13 13:00:00,79,"{""category"": ""Furniture""}"
EVT-000564,CUST-1115,SESS-1115-1,add_to_cart,PROD-003,/cart,2026-08-13 13:01:12,34,"{""price"": 249.5, ""qty"": 1}"
EVT-000565,CUST-1115,SESS-1115-1,checkout_started,PROD-003,/checkout,2026-08-13 13:02:06,130,"{""step"": ""shipping""}"
EVT-000566,CUST-1116,SESS-1116-1,product_view,PROD-004,/product/PROD-004,2026-08-18 17:00:00,46,"{""category"": ""Wearables""}"
EVT-000567,CUST-1116,SESS-1116-1,add_to_cart,PROD-004,/cart,2026-08-18 17:00:46,32,"{""price"": 49.99, ""qty"": 1}"
EVT-000568,CUST-1116,SESS-1116-1,checkout_started,PROD-004,/checkout,2026-08-18 17:01:27,103,"{""step"": ""shipping""}"
EVT-000569,CUST-1117,SESS-1117-1,product_view,PROD-007,/product/PROD-007,2026-09-05 13:00:00,107,"{""category"": ""Wearables""}"
EVT-000570,CUST-1117,SESS-1117-1,product_view,PROD-017,/product/PROD-017,2026-09-05 13:01:00,22,"{""category"": ""Wearables""}"
EVT-000571,CUST-1117,SESS-1117-1,product_view,PROD-002,/product/PROD-002,2026-09-05 13:03:00,41,"{""category"": ""Wearables""}"
EVT-000572,CUST-1117,SESS-1117-1,product_view,PROD-016,/product/PROD-016,2026-09-05 13:07:00,29,"{""category"": ""Wearables""}"
EVT-000573,CUST-1117,SESS-1117-1,product_view,PROD-020,/product/PROD-020,2026-09-05 13:09:00,40,"{""category"": ""Wearables""}"
EVT-000574,CUST-1117,SESS-1117-1,product_view,PROD-020,/product/PROD-020,2026-09-05 13:12:00,30,"{""category"": ""Wearables""}"
EVT-000575,CUST-1118,SESS-1118-1,product_view,PROD-010,/product/PROD-010,2026-08-26 17:00:00,105,"{""category"": ""Apparel""}"
EVT-000576,CUST-1118,SESS-1118-1,add_to_cart,PROD-010,/cart,2026-08-26 17:01:01,36,"{""price"": 54.0, ""qty"": 1}"
EVT-000577,CUST-1118,SESS-1118-1,checkout_started,PROD-010,/checkout,2026-08-26 17:01:57,125,"{""step"": ""shipping""}"
EVT-000578,CUST-1119,SESS-1119-1,product_view,PROD-010,/product/PROD-010,2026-09-04 15:00:00,90,"{""category"": ""Apparel""}"
EVT-000579,CUST-1119,SESS-1119-1,add_to_cart,PROD-010,/cart,2026-09-04 15:00:41,31,"{""price"": 54.0, ""qty"": 1}"
EVT-000580,CUST-1119,SESS-1119-1,checkout_started,PROD-010,/checkout,2026-09-04 15:01:21,146,"{""step"": ""shipping""}"
EVT-000581,CUST-1120,SESS-1120-1,product_view,PROD-024,/product/PROD-024,2026-08-08 14:00:00,118,"{""category"": ""Home & Living""}"
EVT-000582,CUST-1120,SESS-1120-1,add_to_cart,PROD-024,/cart,2026-08-08 14:01:20,20,"{""price"": 27.5, ""qty"": 1}"
EVT-000583,CUST-1120,SESS-1120-1,checkout_started,PROD-024,/checkout,2026-08-08 14:02:09,120,"{""step"": ""shipping""}"
