order_id,customer_id,product_id,order_date,total_amount,order_status,shipping_address,estimated_delivery_date,actual_delivery_date
ORD-2001,CUST-1001,PROD-003,2026-09-15 10:04:20,249.5,delivered,"742 Evergreen Terrace, Springfield, OR",2026-09-18 18:00:00,2026-09-18 14:15:00
ORD-2002,CUST-1003,PROD-002,2026-09-21 16:22:00,199.99,payment_failed,"456 Elm Street, Seattle, WA",2026-09-26 18:00:00,
ORD-2003,CUST-1004,PROD-001,2026-09-22 11:01:35,89.99,payment_failed,"88 Pine Lane, Austin, TX",2026-09-27 18:00:00,
ORD-2004,CUST-1005,PROD-010,2026-09-10 09:32:20,54.0,delayed,"1203 Maple Blvd, Denver, CO",2026-09-14 18:00:00,
ORD-2005,CUST-1006,PROD-013,2026-09-12 13:00:00,145.0,delivered,"301 Ocean View Way, San Diego, CA",2026-09-16 18:00:00,2026-09-15 16:30:00
ORD-2006,CUST-1007,PROD-004,2026-09-08 15:00:00,49.99,delivered,"550 Willow Creek Rd, Atlanta, GA",2026-09-12 18:00:00,2026-09-11 15:00:00
ORD-2007,CUST-1010,PROD-008,2026-09-25 16:51:20,59.48,delivered,"902 Broadway Ave, New York, NY",2026-09-28 18:00:00,2026-09-28 13:40:00
ORD-2008,CUST-1012,PROD-010,2026-08-31 12:01:55,54.0,delivered,"703 Main Street, City 12, USA",2026-09-04 12:01:55,2026-09-04 00:01:55
ORD-2009,CUST-1013,PROD-008,2026-08-13 14:01:34,34.99,delivered,"709 Main Street, City 13, USA",2026-08-17 14:01:34,2026-08-17 08:01:34
ORD-2010,CUST-1014,PROD-015,2026-09-06 12:01:54,42.99,delivered,"548 Main Street, City 14, USA",2026-09-10 12:01:54,2026-09-10 03:01:54
ORD-2011,CUST-1015,PROD-008,2026-09-08 12:02:09,34.99,delivered,"881 Main Street, City 15, USA",2026-09-12 12:02:09,2026-09-12 10:02:09
ORD-2012,CUST-1017,PROD-011,2026-08-06 15:02:04,39.99,delivered,"510 Main Street, City 17, USA",2026-08-10 15:02:04,2026-08-10 03:02:04
ORD-2013,CUST-1018,PROD-011,2026-09-05 08:02:03,39.99,delivered,"573 Main Street, City 18, USA",2026-09-09 08:02:03,2026-09-08 22:02:03
ORD-2014,CUST-1019,PROD-025,2026-08-13 16:01:54,26.99,delivered,"548 Main Street, City 19, USA",2026-08-17 16:01:54,2026-08-17 10:01:54
ORD-2015,CUST-1020,PROD-021,2026-09-01 09:02:12,49.99,delivered,"195 Main Street, City 20, USA",2026-09-05 09:02:12,2026-09-05 01:02:12
ORD-2016,CUST-1021,PROD-023,2026-09-11 10:02:04,22.99,delivered,"664 Main Street, City 21, USA",2026-09-15 10:02:04,2026-09-15 01:02:04
ORD-2017,CUST-1022,PROD-009,2026-09-17 10:01:41,79.99,payment_failed,"389 Boulevard, City 22, USA",2026-09-21 10:01:41,
ORD-2018,CUST-1024,PROD-024,2026-09-19 14:02:19,27.5,delivered,"229 Main Street, City 24, USA",2026-09-23 14:02:19,2026-09-23 12:02:19
ORD-2019,CUST-1025,PROD-015,2026-09-07 13:01:31,42.99,payment_failed,"519 Boulevard, City 25, USA",2026-09-11 13:01:31,
ORD-2020,CUST-1026,PROD-009,2026-09-11 10:01:58,79.99,delivered,"979 Main Street, City 26, USA",2026-09-15 10:01:58,2026-09-14 22:01:58
ORD-2021,CUST-1032,PROD-001,2026-08-17 15:02:12,89.99,delivered,"701 Main Street, City 32, USA",2026-08-21 15:02:12,2026-08-21 08:02:12
ORD-2022,CUST-1033,PROD-013,2026-08-30 12:01:51,145.0,delivered,"122 Main Street, City 33, USA",2026-09-03 12:01:51,2026-09-03 06:01:51
ORD-2023,CUST-1034,PROD-019,2026-09-12 14:02:09,69.99,delivered,"894 Main Street, City 34, USA",2026-09-16 14:02:09,2026-09-16 08:02:09
ORD-2024,CUST-1035,PROD-021,2026-09-08 20:01:51,49.99,delivered,"416 Main Street, City 35, USA",2026-09-12 20:01:51,2026-09-12 18:01:51
ORD-2025,CUST-1036,PROD-005,2026-08-03 17:02:17,64.99,delivered,"905 Main Street, City 36, USA",2026-08-07 17:02:17,2026-08-07 13:02:17
ORD-2026,CUST-1037,PROD-009,2026-08-24 16:01:52,79.99,delivered,"244 Main Street, City 37, USA",2026-08-28 16:01:52,2026-08-28 13:01:52
ORD-2027,CUST-1039,PROD-015,2026-08-01 12:02:06,42.99,delivered,"210 Main Street, City 39, USA",2026-08-05 12:02:06,2026-08-05 05:02:06
ORD-2028,CUST-1041,PROD-010,2026-09-10 15:01:32,54.0,payment_failed,"411 Boulevard, City 41, USA",2026-09-14 15:01:32,
ORD-2029,CUST-1042,PROD-018,2026-09-01 09:02:05,189.0,delivered,"524 Main Street, City 42, USA",2026-09-05 09:02:05,2026-09-05 05:02:05
ORD-2030,CUST-1043,PROD-009,2026-09-01 17:02:07,79.99,delivered,"201 Main Street, City 43, USA",2026-09-05 17:02:07,2026-09-05 10:02:07
ORD-2031,CUST-1044,PROD-021,2026-08-24 16:01:24,49.99,payment_failed,"968 Boulevard, City 44, USA",2026-08-28 16:01:24,
ORD-2032,CUST-1047,PROD-006,2026-08-09 16:02:01,24.99,delivered,"116 Main Street, City 47, USA",2026-08-13 16:02:01,2026-08-13 09:02:01
ORD-2033,CUST-1049,PROD-020,2026-08-07 15:02:18,119.99,delivered,"162 Main Street, City 49, USA",2026-08-11 15:02:18,2026-08-11 13:02:18
ORD-2034,CUST-1051,PROD-009,2026-09-08 10:02:12,79.99,delivered,"401 Main Street, City 51, USA",2026-09-12 10:02:12,2026-09-12 00:02:12
ORD-2035,CUST-1052,PROD-023,2026-09-08 14:02:29,22.99,delivered,"333 Main Street, City 52, USA",2026-09-12 14:02:29,2026-09-12 05:02:29
ORD-2036,CUST-1053,PROD-004,2026-08-30 14:01:50,49.99,delivered,"951 Main Street, City 53, USA",2026-09-03 14:01:50,2026-09-03 11:01:50
ORD-2037,CUST-1054,PROD-018,2026-08-09 16:01:49,189.0,delivered,"394 Main Street, City 54, USA",2026-08-13 16:01:49,2026-08-13 14:01:49
ORD-2038,CUST-1056,PROD-025,2026-08-23 16:02:13,26.99,delivered,"758 Main Street, City 56, USA",2026-08-27 16:02:13,2026-08-27 04:02:13
ORD-2039,CUST-1059,PROD-012,2026-08-27 15:02:08,32.5,delivered,"872 Main Street, City 59, USA",2026-08-31 15:02:08,2026-08-31 11:02:08
ORD-2040,CUST-1060,PROD-022,2026-09-13 09:02:02,38.0,delivered,"216 Main Street, City 60, USA",2026-09-17 09:02:02,2026-09-16 23:02:02
ORD-2041,CUST-1062,PROD-025,2026-08-14 12:01:48,26.99,payment_failed,"107 Boulevard, City 62, USA",2026-08-18 12:01:48,
ORD-2042,CUST-1063,PROD-005,2026-09-01 19:02:06,64.99,delivered,"982 Main Street, City 63, USA",2026-09-05 19:02:06,2026-09-05 11:02:06
ORD-2043,CUST-1064,PROD-003,2026-08-28 08:02:21,249.5,delivered,"514 Main Street, City 64, USA",2026-09-01 08:02:21,2026-09-01 05:02:21
ORD-2044,CUST-1065,PROD-003,2026-08-30 19:01:49,249.5,payment_failed,"510 Boulevard, City 65, USA",2026-09-03 19:01:49,
ORD-2045,CUST-1066,PROD-010,2026-09-03 09:01:53,54.0,delivered,"622 Main Street, City 66, USA",2026-09-07 09:01:53,2026-09-06 23:01:53
ORD-2046,CUST-1067,PROD-007,2026-08-16 09:02:09,299.99,delivered,"872 Main Street, City 67, USA",2026-08-20 09:02:09,2026-08-20 00:02:09
ORD-2047,CUST-1069,PROD-016,2026-08-21 10:01:54,29.99,delivered,"417 Main Street, City 69, USA",2026-08-25 10:01:54,2026-08-25 07:01:54
ORD-2048,CUST-1070,PROD-010,2026-08-03 08:02:20,54.0,delivered,"667 Main Street, City 70, USA",2026-08-07 08:02:20,2026-08-06 21:02:20
ORD-2049,CUST-1071,PROD-019,2026-09-17 08:02:06,69.99,delivered,"561 Main Street, City 71, USA",2026-09-21 08:02:06,2026-09-21 06:02:06
ORD-2050,CUST-1072,PROD-008,2026-09-02 18:02:14,34.99,delivered,"389 Main Street, City 72, USA",2026-09-06 18:02:14,2026-09-06 11:02:14
ORD-2051,CUST-1075,PROD-022,2026-08-10 13:02:23,38.0,delivered,"825 Main Street, City 75, USA",2026-08-14 13:02:23,2026-08-14 02:02:23
ORD-2052,CUST-1076,PROD-011,2026-08-20 16:02:22,39.99,delivered,"118 Main Street, City 76, USA",2026-08-24 16:02:22,2026-08-24 09:02:22
ORD-2053,CUST-1077,PROD-025,2026-08-12 11:01:37,26.99,delivered,"619 Main Street, City 77, USA",2026-08-16 11:01:37,2026-08-16 08:01:37
ORD-2054,CUST-1078,PROD-011,2026-09-17 16:01:46,39.99,delivered,"928 Main Street, City 78, USA",2026-09-21 16:01:46,2026-09-21 05:01:46
ORD-2055,CUST-1079,PROD-012,2026-09-16 15:02:11,32.5,delivered,"344 Main Street, City 79, USA",2026-09-20 15:02:11,2026-09-20 05:02:11
ORD-2056,CUST-1080,PROD-015,2026-09-13 17:02:18,42.99,delivered,"920 Main Street, City 80, USA",2026-09-17 17:02:18,2026-09-17 12:02:18
ORD-2057,CUST-1082,PROD-006,2026-08-08 12:01:56,24.99,delivered,"936 Main Street, City 82, USA",2026-08-12 12:01:56,2026-08-12 07:01:56
ORD-2058,CUST-1083,PROD-013,2026-08-23 08:01:59,145.0,delivered,"201 Main Street, City 83, USA",2026-08-27 08:01:59,2026-08-27 01:01:59
ORD-2059,CUST-1085,PROD-004,2026-09-19 12:02:11,49.99,delivered,"956 Main Street, City 85, USA",2026-09-23 12:02:11,2026-09-23 09:02:11
ORD-2060,CUST-1086,PROD-017,2026-09-08 16:01:49,59.99,delivered,"346 Main Street, City 86, USA",2026-09-12 16:01:49,2026-09-12 09:01:49
ORD-2061,CUST-1088,PROD-018,2026-09-02 20:01:50,189.0,delivered,"465 Main Street, City 88, USA",2026-09-06 20:01:50,2026-09-06 18:01:50
ORD-2062,CUST-1090,PROD-011,2026-08-09 08:01:59,39.99,delivered,"164 Main Street, City 90, USA",2026-08-13 08:01:59,2026-08-13 04:01:59
ORD-2063,CUST-1091,PROD-002,2026-08-30 08:02:12,199.99,delivered,"584 Main Street, City 91, USA",2026-09-03 08:02:12,2026-09-02 22:02:12
ORD-2064,CUST-1092,PROD-011,2026-09-19 08:01:29,39.99,payment_failed,"861 Boulevard, City 92, USA",2026-09-23 08:01:29,
ORD-2065,CUST-1093,PROD-006,2026-08-29 14:02:14,24.99,delivered,"844 Main Street, City 93, USA",2026-09-02 14:02:14,2026-09-02 11:02:14
ORD-2066,CUST-1094,PROD-006,2026-08-28 17:01:47,24.99,delivered,"717 Main Street, City 94, USA",2026-09-01 17:01:47,2026-09-01 08:01:47
ORD-2067,CUST-1095,PROD-015,2026-08-11 19:02:15,42.99,delivered,"176 Main Street, City 95, USA",2026-08-15 19:02:15,2026-08-15 17:02:15
ORD-2068,CUST-1096,PROD-024,2026-08-26 13:01:53,27.5,delivered,"168 Main Street, City 96, USA",2026-08-30 13:01:53,2026-08-30 09:01:53
ORD-2069,CUST-1098,PROD-013,2026-09-06 10:01:55,145.0,delivered,"611 Main Street, City 98, USA",2026-09-10 10:01:55,2026-09-10 06:01:55
ORD-2070,CUST-1099,PROD-009,2026-09-05 09:02:13,79.99,delivered,"973 Main Street, City 99, USA",2026-09-09 09:02:13,2026-09-09 05:02:13
ORD-2071,CUST-1101,PROD-006,2026-09-04 12:02:04,24.99,payment_failed,"470 Boulevard, City 101, USA",2026-09-08 12:02:04,
ORD-2072,CUST-1102,PROD-007,2026-09-02 11:01:58,299.99,delivered,"578 Main Street, City 102, USA",2026-09-06 11:01:58,2026-09-06 04:01:58
ORD-2073,CUST-1105,PROD-002,2026-08-28 16:01:40,199.99,payment_failed,"430 Boulevard, City 105, USA",2026-09-01 16:01:40,
ORD-2074,CUST-1106,PROD-017,2026-09-15 11:02:20,59.99,delivered,"740 Main Street, City 106, USA",2026-09-19 11:02:20,2026-09-19 07:02:20
ORD-2075,CUST-1108,PROD-001,2026-08-22 17:02:04,89.99,delivered,"526 Main Street, City 108, USA",2026-08-26 17:02:04,2026-08-26 06:02:04
ORD-2076,CUST-1109,PROD-018,2026-08-02 15:01:50,189.0,payment_failed,"515 Boulevard, City 109, USA",2026-08-06 15:01:50,
ORD-2077,CUST-1110,PROD-002,2026-08-20 15:02:00,199.99,delivered,"420 Main Street, City 110, USA",2026-08-24 15:02:00,2026-08-24 11:02:00
ORD-2078,CUST-1111,PROD-012,2026-08-21 19:01:57,32.5,delivered,"577 Main Street, City 111, USA",2026-08-25 19:01:57,2026-08-25 14:01:57
ORD-2079,CUST-1112,PROD-013,2026-08-07 08:01:53,145.0,delivered,"294 Main Street, City 112, USA",2026-08-11 08:01:53,2026-08-11 01:01:53
ORD-2080,CUST-1113,PROD-010,2026-09-01 16:01:51,54.0,delivered,"461 Main Street, City 113, USA",2026-09-05 16:01:51,2026-09-05 05:01:51
ORD-2081,CUST-1114,PROD-018,2026-09-11 18:02:13,189.0,delivered,"474 Main Street, City 114, USA",2026-09-15 18:02:13,2026-09-15 10:02:13
