payment_id,order_id,customer_id,payment_method,amount,currency,payment_status,error_code,error_message,attempt_number,timestamp
PAY-5001,ORD-2001,CUST-1001,Credit Card,249.5,USD,success,,,1,2026-09-15 10:04:15
PAY-5002,ORD-2002,CUST-1003,Credit Card,199.99,USD,failed,GATEWAY_TIMEOUT,Payment gateway timed out while authenticating with bank,1,2026-09-21 16:23:30
PAY-5003,ORD-2003,CUST-1004,Credit Card,89.99,USD,failed,CARD_DECLINED,Issuer bank declined transaction,1,2026-09-22 11:02:35
PAY-5004,ORD-2003,CUST-1004,Credit Card,89.99,USD,failed,INSUFFICIENT_FUNDS,Account has insufficient available credit limit,2,2026-09-22 11:04:00
PAY-5005,ORD-2003,CUST-1004,Debit Card,89.99,USD,failed,CARD_DECLINED,Card authentication failed (3D Secure timeout),3,2026-09-22 11:05:35
PAY-5006,ORD-2004,CUST-1005,PayPal,54.0,USD,success,,,1,2026-09-10 09:32:10
PAY-5007,ORD-2005,CUST-1006,Credit Card,145.0,USD,success,,,1,2026-09-12 13:00:00
PAY-5008,ORD-2006,CUST-1007,Debit Card,49.99,USD,success,,,1,2026-09-08 15:00:00
PAY-5009,ORD-2007,CUST-1010,UPI,59.48,USD,success,,,1,2026-09-25 16:51:15
PAY-5010,ORD-2008,CUST-1012,Credit Card,54.0,USD,success,,,1,2026-08-31 12:01:55
PAY-5011,ORD-2009,CUST-1013,Digital Wallet,34.99,USD,success,,,1,2026-08-13 14:01:34
PAY-5012,ORD-2010,CUST-1014,Digital Wallet,42.99,USD,success,,,1,2026-09-06 12:01:54
PAY-5013,ORD-2011,CUST-1015,Credit Card,34.99,USD,success,,,1,2026-09-08 12:02:09
PAY-5014,ORD-2012,CUST-1017,Digital Wallet,39.99,USD,success,,,1,2026-08-06 15:02:04
PAY-5015,ORD-2013,CUST-1018,UPI,39.99,USD,success,,,1,2026-09-05 08:02:03
PAY-5016,ORD-2014,CUST-1019,Debit Card,26.99,USD,success,,,1,2026-08-13 16:01:54
PAY-5017,ORD-2015,CUST-1020,Debit Card,49.99,USD,success,,,1,2026-09-01 09:02:12
PAY-5018,ORD-2016,CUST-1021,Debit Card,22.99,USD,success,,,1,2026-09-11 10:02:04
PAY-5019,ORD-2017,CUST-1022,Digital Wallet,79.99,USD,failed,OTP_EXPIRED,OTP verification timed out,1,2026-09-17 10:01:41
PAY-5020,ORD-2018,CUST-1024,PayPal,27.5,USD,success,,,1,2026-09-19 14:02:19
PAY-5021,ORD-2019,CUST-1025,NetBanking,42.99,USD,failed,OTP_EXPIRED,OTP verification timed out,1,2026-09-07 13:01:31
PAY-5022,ORD-2020,CUST-1026,Credit Card,79.99,USD,success,,,1,2026-09-11 10:01:58
PAY-5023,ORD-2021,CUST-1032,Digital Wallet,89.99,USD,success,,,1,2026-08-17 15:02:12
PAY-5024,ORD-2022,CUST-1033,NetBanking,145.0,USD,success,,,1,2026-08-30 12:01:51
PAY-5025,ORD-2023,CUST-1034,Credit Card,69.99,USD,success,,,1,2026-09-12 14:02:09
PAY-5026,ORD-2024,CUST-1035,Debit Card,49.99,USD,success,,,1,2026-09-08 20:01:51
PAY-5027,ORD-2025,CUST-1036,Debit Card,64.99,USD,success,,,1,2026-08-03 17:02:17
PAY-5028,ORD-2026,CUST-1037,UPI,79.99,USD,success,,,1,2026-08-24 16:01:52
PAY-5029,ORD-2027,CUST-1039,UPI,42.99,USD,success,,,1,2026-08-01 12:02:06
PAY-5030,ORD-2028,CUST-1041,Digital Wallet,54.0,USD,failed,OTP_EXPIRED,OTP verification timed out,1,2026-09-10 15:01:32
PAY-5031,ORD-2029,CUST-1042,Credit Card,189.0,USD,success,,,1,2026-09-01 09:02:05
PAY-5032,ORD-2030,CUST-1043,Credit Card,79.99,USD,success,,,1,2026-09-01 17:02:07
PAY-5033,ORD-2031,CUST-1044,PayPal,49.99,USD,failed,OTP_EXPIRED,OTP verification timed out,1,2026-08-24 16:01:24
PAY-5034,ORD-2032,CUST-1047,Credit Card,24.99,USD,success,,,1,2026-08-09 16:02:01
PAY-5035,ORD-2033,CUST-1049,Credit Card,119.99,USD,success,,,1,2026-08-07 15:02:18
PAY-5036,ORD-2034,CUST-1051,Debit Card,79.99,USD,success,,,1,2026-09-08 10:02:12
PAY-5037,ORD-2035,CUST-1052,Credit Card,22.99,USD,success,,,1,2026-09-08 14:02:29
PAY-5038,ORD-2036,CUST-1053,Digital Wallet,49.99,USD,success,,,1,2026-08-30 14:01:50
PAY-5039,ORD-2037,CUST-1054,Debit Card,189.0,USD,success,,,1,2026-08-09 16:01:49
PAY-5040,ORD-2038,CUST-1056,Credit Card,26.99,USD,success,,,1,2026-08-23 16:02:13
PAY-5041,ORD-2039,CUST-1059,Debit Card,32.5,USD,success,,,1,2026-08-27 15:02:08
PAY-5042,ORD-2040,CUST-1060,Digital Wallet,38.0,USD,success,,,1,2026-09-13 09:02:02
PAY-5043,ORD-2041,CUST-1062,Credit Card,26.99,USD,failed,OTP_EXPIRED,OTP verification timed out,1,2026-08-14 12:01:48
PAY-5044,ORD-2042,CUST-1063,Digital Wallet,64.99,USD,success,,,1,2026-09-01 19:02:06
PAY-5045,ORD-2043,CUST-1064,PayPal,249.5,USD,success,,,1,2026-08-28 08:02:21
PAY-5046,ORD-2044,CUST-1065,UPI,249.5,USD,failed,OTP_EXPIRED,OTP verification timed out,1,2026-08-30 19:01:49
PAY-5047,ORD-2045,CUST-1066,Debit Card,54.0,USD,success,,,1,2026-09-03 09:01:53
PAY-5048,ORD-2046,CUST-1067,PayPal,299.99,USD,success,,,1,2026-08-16 09:02:09
PAY-5049,ORD-2047,CUST-1069,Digital Wallet,29.99,USD,success,,,1,2026-08-21 10:01:54
PAY-5050,ORD-2048,CUST-1070,PayPal,54.0,USD,success,,,1,2026-08-03 08:02:20
PAY-5051,ORD-2049,CUST-1071,Credit Card,69.99,USD,success,,,1,2026-09-17 08:02:06
PAY-5052,ORD-2050,CUST-1072,UPI,34.99,USD,success,,,1,2026-09-02 18:02:14
PAY-5053,ORD-2051,CUST-1075,Digital Wallet,38.0,USD,success,,,1,2026-08-10 13:02:23
PAY-5054,ORD-2052,CUST-1076,Debit Card,39.99,USD,success,,,1,2026-08-20 16:02:22
PAY-5055,ORD-2053,CUST-1077,NetBanking,26.99,USD,success,,,1,2026-08-12 11:01:37
PAY-5056,ORD-2054,CUST-1078,Digital Wallet,39.99,USD,success,,,1,2026-09-17 16:01:46
PAY-5057,ORD-2055,CUST-1079,NetBanking,32.5,USD,success,,,1,2026-09-16 15:02:11
PAY-5058,ORD-2056,CUST-1080,Debit Card,42.99,USD,success,,,1,2026-09-13 17:02:18
PAY-5059,ORD-2057,CUST-1082,Credit Card,24.99,USD,success,,,1,2026-08-08 12:01:56
PAY-5060,ORD-2058,CUST-1083,Credit Card,145.0,USD,success,,,1,2026-08-23 08:01:59
PAY-5061,ORD-2059,CUST-1085,PayPal,49.99,USD,success,,,1,2026-09-19 12:02:11
PAY-5062,ORD-2060,CUST-1086,NetBanking,59.99,USD,success,,,1,2026-09-08 16:01:49
PAY-5063,ORD-2061,CUST-1088,UPI,189.0,USD,success,,,1,2026-09-02 20:01:50
PAY-5064,ORD-2062,CUST-1090,PayPal,39.99,USD,success,,,1,2026-08-09 08:01:59
PAY-5065,ORD-2063,CUST-1091,Digital Wallet,199.99,USD,success,,,1,2026-08-30 08:02:12
PAY-5066,ORD-2064,CUST-1092,PayPal,39.99,USD,failed,OTP_EXPIRED,OTP verification timed out,1,2026-09-19 08:01:29
PAY-5067,ORD-2065,CUST-1093,Debit Card,24.99,USD,success,,,1,2026-08-29 14:02:14
PAY-5068,ORD-2066,CUST-1094,NetBanking,24.99,USD,success,,,1,2026-08-28 17:01:47
PAY-5069,ORD-2067,CUST-1095,Credit Card,42.99,USD,success,,,1,2026-08-11 19:02:15
PAY-5070,ORD-2068,CUST-1096,PayPal,27.5,USD,success,,,1,2026-08-26 13:01:53
PAY-5071,ORD-2069,CUST-1098,Credit Card,145.0,USD,success,,,1,2026-09-06 10:01:55
PAY-5072,ORD-2070,CUST-1099,Debit Card,79.99,USD,success,,,1,2026-09-05 09:02:13
PAY-5073,ORD-2071,CUST-1101,Debit Card,24.99,USD,failed,OTP_EXPIRED,OTP verification timed out,1,2026-09-04 12:02:04
PAY-5074,ORD-2072,CUST-1102,Digital Wallet,299.99,USD,success,,,1,2026-09-02 11:01:58
PAY-5075,ORD-2073,CUST-1105,NetBanking,199.99,USD,failed,OTP_EXPIRED,OTP verification timed out,1,2026-08-28 16:01:40
PAY-5076,ORD-2074,CUST-1106,Credit Card,59.99,USD,success,,,1,2026-09-15 11:02:20
PAY-5077,ORD-2075,CUST-1108,PayPal,89.99,USD,success,,,1,2026-08-22 17:02:04
PAY-5078,ORD-2076,CUST-1109,UPI,189.0,USD,failed,OTP_EXPIRED,OTP verification timed out,1,2026-08-02 15:01:50
PAY-5079,ORD-2077,CUST-1110,UPI,199.99,USD,success,,,1,2026-08-20 15:02:00
PAY-5080,ORD-2078,CUST-1111,UPI,32.5,USD,success,,,1,2026-08-21 19:01:57
PAY-5081,ORD-2079,CUST-1112,Debit Card,145.0,USD,success,,,1,2026-08-07 08:01:53
PAY-5082,ORD-2080,CUST-1113,NetBanking,54.0,USD,success,,,1,2026-09-01 16:01:51
PAY-5083,ORD-2081,CUST-1114,UPI,189.0,USD,success,,,1,2026-09-11 18:02:13
